date,approx_time,activity,Tweet ID,name,location
12/12/22,11:54:05,annotations: Ukraine,1.60E+18,SGNewsAlerts,UNKWN
12/12/22,11:54:05,annotations: Lemekhani Nyirenda,1.60E+18,SGNewsAlerts,UNKWN
12/12/22,11:54:05,annotations: Russia,1.60E+18,SGNewsAlerts,UNKWN
12/12/22,11:54:05,annotations: Wagner,1.60E+18,SGNewsAlerts,UNKWN
12/12/22,11:54:05,annotations: UkraineWar,1.60E+18,SGNewsAlerts,UNKWN
12/12/22,11:54:05,links: https://www.bbc.com/news/world-africa-63935260,1.60E+18,SGNewsAlerts,UNKWN
5/13/22,15:31:04,tweeted: Ukraine war: Lemekhani Nyirenda was recruited by Russia's mercenary group Wagner. https://t.co/KeqlrcLqXR #Wagner #Russia #UkraineWar #UkraineRussiaWarÔ∏è,1.60E+18,SGNewsAlerts,UNKWN
12/12/22,11:52:01,annotations: Russia,1.60E+18,dave1agar,"Toronto, Canada"
12/12/22,11:52:01,annotations: Wagner,1.60E+18,dave1agar,"Toronto, Canada"
12/12/22,11:52:01,annotations: Luhansk,1.60E+18,dave1agar,"Toronto, Canada"
12/12/22,11:52:01,annotations: Ukraine,1.60E+18,dave1agar,"Toronto, Canada"
12/12/22,11:52:01,links: https://www.bbc.co.uk/news/world-europe-63933132,1.60E+18,dave1agar,"Toronto, Canada"
3/11/09,22:53:56,"tweeted: ‚ÄúUkrainian forces have struck a headquarters of Russia's Wagner mercenary group, says the governor-in-exile of Luhansk in eastern Ukraine.‚Äù https://t.co/42XdJoGGQf",1.60E+18,dave1agar,"Toronto, Canada"
12/12/22,11:51:20,mentions: demunderground,1.60E+18,Dushan41,UNKWN
12/12/22,11:51:20,links: https://democraticunderground.com/1017789656,1.60E+18,Dushan41,UNKWN
3/28/09,9:04:18,tweeted: Luhansk Wagner group base is destroyed by Ukraine - Times Radio - Democratic Underground https://t.co/8Kz6gsPHoJ via @demunderground,1.60E+18,Dushan41,UNKWN
12/12/22,11:50:16,mentions: FRANCE24,1.60E+18,demunderground,Washington DC
12/12/22,11:50:16,links: https://f24.my/96kV.T,1.60E+18,demunderground,Washington DC
5/11/12,19:44:29,"tweeted: Live: Ukraine claims strike on Wagner group HQ, says ‚Äòhuge number‚Äô of Russian mercenaries killed https://t.co/RNLJbB9bdM @FRANCE24 2022/12/12 07:42",1.60E+18,demunderground,Washington DC
12/12/22,11:50:00,annotations: Russia,1.60E+18,jmarine,Japan
12/12/22,11:50:00,annotations: Wagner,1.60E+18,jmarine,Japan
12/12/22,11:50:00,mentions: gullivercragg,1.60E+18,jmarine,Japan
12/12/22,11:50:00,links: https://twitter.com/France24_en/status/1602269533686964224/video/1,1.60E+18,jmarine,Japan
3/4/08,5:41:22,"tweeted: @gullivercragg üî¥War in üá∫üá¶: A Ukrainian senior official has claimed that the country‚Äôs forces attacked a hotel where members of Russia‚Äôs private #Wagner military group were based, and allegedly killed ‚Äòa huge number‚Äô of them.

Here's @gullivercragg with what we know ‚§µÔ∏è https://t.co/FxKIkcjrvK",1.60E+18,jmarine,Japan
12/12/22,11:49:30,annotations: Wagner Group,1.60E+18,FRANCE24,"Paris, France"
12/12/22,11:49:30,annotations: Clayderman Group,1.60E+18,FRANCE24,"Paris, France"
12/12/22,11:49:30,links: https://twitter.com/TheEndOfPutin5/status/1602269409963380736/photo/1,1.60E+18,FRANCE24,"Paris, France"
3/23/07,9:40:48,"tweeted: üö®üö®üö® HOT NEWS !!!
To have the name correspond better to the quality of their work, Wagner Group has been renamed Clayderman Group today; https://t.co/K3aomTn6XU",1.60E+18,FRANCE24,"Paris, France"
12/12/22,11:44:36,annotations: Ukraine,1.60E+18,France24_en,"Paris, France"
12/12/22,11:44:36,annotations: Lemekhani Nyirenda,1.60E+18,France24_en,"Paris, France"
12/12/22,11:44:36,annotations: Russia,1.60E+18,France24_en,"Paris, France"
12/12/22,11:44:36,annotations: Wagner,1.60E+18,France24_en,"Paris, France"
12/12/22,11:44:36,links: https://www.bbc.co.uk/news/world-africa-63935260?at_medium=RSS&at_campaign=KARANGA,1.60E+18,France24_en,"Paris, France"
3/18/09,9:22:54,"tweeted: (En) Ukraine war: Lemekhani Nyirenda was recruited by Russia's mercenary group Wagner
#123INFO
https://t.co/LGlB61VDwI",1.60E+18,France24_en,"Paris, France"
12/12/22,11:43:23,annotations: Ukraine,1.60E+18,gullivercragg,"Kyiv, Ukraine"
12/12/22,11:43:23,annotations: Lemekhani Nyirenda,1.60E+18,gullivercragg,"Kyiv, Ukraine"
12/12/22,11:43:23,annotations: Russia,1.60E+18,gullivercragg,"Kyiv, Ukraine"
12/12/22,11:43:23,links: https://news.bringlifestyle.com/ukraine-war-lemekhani-nyirenda-was-recruited-by-russias-mercenary-group-wagner/,1.60E+18,gullivercragg,"Kyiv, Ukraine"
6/22/09,14:47:47,tweeted: Ukraine war: Lemekhani Nyirenda was recruited by Russia‚Äôs mercenary group¬†Wagner https://t.co/NcsMl3f25b,1.60E+18,gullivercragg,"Kyiv, Ukraine"
12/12/22,11:42:37,annotations: Wagner Group,1.60E+18,TheEndOfPutin5,nowhere
12/12/22,11:42:37,annotations: Vladimir Putin,1.60E+18,TheEndOfPutin5,nowhere
12/12/22,11:42:37,annotations: Wagner,1.60E+18,TheEndOfPutin5,nowhere
12/12/22,11:42:37,annotations: Ukraine,1.60E+18,TheEndOfPutin5,nowhere
4/25/22,15:04:08,"tweeted: private military force, the ""Wagner Group,"" a state-sanctioned group founded by an Ally of President Vladimir Putin.

Wagner soldiers, widely seen as mercenaries, are fighting alongside the regular Russian army in Ukraine, particularly in the east of the country, where fighting",1.60E+18,TheEndOfPutin5,nowhere
12/12/22,11:42:35,annotations: Luhansk,1.60E+18,Africa_News_Off,Africa
12/12/22,11:42:35,annotations: Wagner,1.60E+18,Africa_News_Off,Africa
12/12/22,11:42:35,annotations: Ukraine,1.60E+18,Africa_News_Off,Africa
12/12/22,11:42:35,annotations: Belgrade,1.60E+18,Africa_News_Off,Africa
12/12/22,11:42:35,annotations: Serbia,1.60E+18,Africa_News_Off,Africa
9/23/19,2:14:13,"tweeted: Russian mercenaries suffered 'very significant' losses in Luhansk, official says
A mural praises the Russian Wagner group and its mercenaries fighting in Ukraine on March 30, 2022 in Belgrade, Serbia.
A mural praises the Russian Wagner group and its mercenaries fighting",1.60E+18,Africa_News_Off,Africa
12/12/22,11:42:08,links: https://twitter.com/mariataylor6581/status/1602267553866584064/photo/1,1.60E+18,mariataylor6581,Canterbury
12/22/15,8:38:18,tweeted: Ukraine war: Lemekhani Nyirenda was recruited by Russia's mercenary group Wagner https://t.co/5PcIql4Xfy,1.60E+18,mariataylor6581,Canterbury
12/12/22,11:41:56,annotations: FBI,1.60E+18,AbuuZah,Global Citizen
12/12/22,11:41:56,annotations: Wagner Group,1.60E+18,AbuuZah,Global Citizen
12/12/22,11:41:56,annotations: Ukraine,1.60E+18,AbuuZah,Global Citizen
12/12/22,11:41:56,annotations: Kamakaze,1.60E+18,AbuuZah,Global Citizen
12/12/22,11:41:56,mentions: SamRamani2,1.60E+18,AbuuZah,Global Citizen
10/4/11,19:27:51,"tweeted: @SamRamani2 Last week, the FBI declared Wagner Group most wanted, today Ukraine strike the Wagner Group, surely they were given instructions and coordinates to strike, they must be prepared for Kamakaze",1.60E+18,AbuuZah,Global Citizen
12/12/22,11:41:22,links: https://tubelive.page.link/E5xP25WwLrJ45YCJ9,1.60E+18,SamRamani2,"Oxford, England"
10/12/13,23:22:53,"tweeted: Clarissa Ward breaks down Wagner Group head‚Äôs warning to US
##UK ##SlavaUkraini ##QatarWorldCup2022 ##UkraineRussianWar # ##USA
https://t.co/7ZeFtnvDF5",1.60E+18,SamRamani2,"Oxford, England"
12/12/22,11:40:05,annotations: Kadiivka,1.60E+18,cnnnewsukraine,UNKWN
12/12/22,11:40:05,annotations: Luhansk region,1.60E+18,cnnnewsukraine,UNKWN
12/12/22,11:40:05,annotations: Russia,1.60E+18,cnnnewsukraine,UNKWN
12/12/22,11:40:05,annotations: Wagner,1.60E+18,cnnnewsukraine,UNKWN
12/12/22,11:40:05,links: https://www.msn.com/en-gb/news/world/live-ukraine-claims-strike-on-wagner-group-hq-says-huge-number-of-russian-mercenaries-killed/ar-AA15apGM?ocid=msedgntp&cvid=b331302f783248eaada10ece5fe04a0e,1.60E+18,cnnnewsukraine,UNKWN
10/19/14,22:38:50,"tweeted: Ukrainian official claimed Sunday: forces attacked a hotel in the city of Kadiivka in the occupied Luhansk region, where Russia‚Äôs private Wagner military are based, allegedly killing ‚Äòa huge number‚Äô of them. [report not confirmed independently].  https://t.co/A8jcIpuCjU",1.60E+18,cnnnewsukraine,UNKWN
12/12/22,11:38:08,annotations: Ukraine,1.60E+18,robdn,"London, England"
12/12/22,11:38:08,annotations: Putin,1.60E+18,robdn,"London, England"
12/12/22,11:38:08,annotations: Wagner HQ,1.60E+18,robdn,"London, England"
12/12/22,11:38:08,annotations: Wagner Group,1.60E+18,robdn,"London, England"
12/12/22,11:38:08,links: https://www.msn.com/en-us/news/world/ukraine-news-live-many-killed-in-strike-on-putin-s-private-wagner-hq-in-eastern-battle/ar-AA15a7HU?cvid=06a3f7fc923a4d32ae5a2f91eb5360bd,1.60E+18,robdn,"London, England"
7/11/09,13:39:50,"tweeted: Ukraine news - live: ‚ÄòMany killed‚Äô in strike on Putin‚Äôs private Wagner HQ in eastern battle https://t.co/TaSZrtSyyy Love it, wish the leaders of Wagner Group were there when it was hit. Go Ukraine!",1.60E+18,robdn,"London, England"
12/12/22,11:35:22,annotations: Ukraine,1.60E+18,DeborahLago5,UNKWN
12/12/22,11:35:22,annotations: Lemekhani Nyirenda,1.60E+18,DeborahLago5,UNKWN
12/12/22,11:35:22,annotations: Russia,1.60E+18,DeborahLago5,UNKWN
12/12/22,11:35:22,annotations: Wagner,1.60E+18,DeborahLago5,UNKWN
12/12/22,11:35:22,links: https://www.bbc.co.uk/news/world-africa-63935260,1.60E+18,DeborahLago5,UNKWN
5/6/19,15:15:47,"tweeted: #Ukraine war: Lemekhani Nyirenda was recruited by Russia's mercenary group Wagner
https://t.co/6OKafNyL8G",1.60E+18,DeborahLago5,UNKWN
12/12/22,11:31:24,annotations: Ukraine,1.60E+18,2dialogue,"Sarasota, FL"
12/12/22,11:31:24,annotations: Wagner,1.60E+18,2dialogue,"Sarasota, FL"
12/12/22,11:31:24,annotations: Blackwater,1.60E+18,2dialogue,"Sarasota, FL"
12/12/22,11:31:24,annotations: USA,1.60E+18,2dialogue,"Sarasota, FL"
12/12/22,11:31:24,links: https://www.aljazeera.com/news/2022/12/12/ukraine-says-it-has-killed-wagner-mercenaries-who-are-they,1.60E+18,2dialogue,"Sarasota, FL"
10/5/11,23:32:32,"tweeted: Ukraine says it killed Wagner mercenaries, who are they?  Controversial armed group emerged from being a murky guns-for-hire enterprise to a public extension of the Russian military (like Blackwater in USA).

https://t.co/VLgTWD3Y8v",1.60E+18,2dialogue,"Sarasota, FL"
12/12/22,11:29:02,annotations: Wagner Group,1.60E+18,natty4bumpo,"Chattanooga, TN, USA"
12/12/22,11:29:02,annotations: Bakhmut,1.60E+18,natty4bumpo,"Chattanooga, TN, USA"
12/12/22,11:29:02,annotations: ukraine,1.60E+18,natty4bumpo,"Chattanooga, TN, USA"
12/12/22,11:29:02,annotations: SlavaUkraini,1.60E+18,natty4bumpo,"Chattanooga, TN, USA"
12/12/22,11:29:02,annotations: USA,1.60E+18,natty4bumpo,"Chattanooga, TN, USA"
12/12/22,11:29:02,annotations: UkraineRussianWar,1.60E+18,natty4bumpo,"Chattanooga, TN, USA"
12/12/22,11:29:02,annotations: QatarWorldCup2022,1.60E+18,natty4bumpo,"Chattanooga, TN, USA"
12/12/22,11:29:02,links: https://tubelive.page.link/dCPCLJK12D8T4Rqn8,1.60E+18,natty4bumpo,"Chattanooga, TN, USA"
4/10/09,5:21:26,"tweeted: Ukrainian Special Forces hunt down and destroy Wagner Group mercenaries in Bakhmut
##ukraine ##SlavaUkraini # ##USA ##UkraineRussianWar ##QatarWorldCup2022
https://t.co/HOHuCVCw5W",1.60E+18,natty4bumpo,"Chattanooga, TN, USA"
12/12/22,11:28:36,annotations: Ukraine,1.60E+18,tellmetimes,UNKWN
12/12/22,11:28:36,annotations: Lemekhani Nyirenda,1.60E+18,tellmetimes,UNKWN
12/12/22,11:28:36,annotations: Russia,1.60E+18,tellmetimes,UNKWN
12/12/22,11:28:36,annotations: Wagner,1.60E+18,tellmetimes,UNKWN
12/12/22,11:28:36,links: http://dlvr.it/SfDQPC,1.60E+18,tellmetimes,UNKWN
1/8/22,12:03:57,tweeted: Ukraine war: Lemekhani Nyirenda was recruited by Russia's mercenary group Wagner https://t.co/IIDvKHCGtL,1.60E+18,tellmetimes,UNKWN
12/12/22,11:28:16,annotations: ÿ®ŸÜ ŸáŸàÿØÿ¨ÿ≤,1.60E+18,45mogaber45,UNKWN
12/12/22,11:28:16,annotations: ÿ£ŸàŸÉÿ±ÿßŸÜŸäÿß,1.60E+18,45mogaber45,UNKWN
12/12/22,11:28:16,links: https://arabic.cnn.com/world/video/2022/12/12/v130728-wagner-group-explosion-luhansk-melitopol-ukraine-russia-hodges,1.60E+18,45mogaber45,UNKWN
8/13/22,21:25:00,"tweeted: ÿ®ŸÜ ŸáŸàÿØÿ¨ÿ≤ ŸäŸàÿ∂ÿ≠ ŸÑŸÄCNN ŸÖÿß ŸäÿπŸÜŸäŸá ÿ™ŸÅÿ¨Ÿäÿ± ŸÖŸÇÿ± ŸÖÿ¨ŸÖŸàÿπÿ© ""ŸÅÿßÿ∫ŸÜÿ±"" ÿßŸÑÿ±Ÿàÿ≥Ÿäÿ© ŸÅŸä ÿ£ŸàŸÉÿ±ÿßŸÜŸäÿß - CNN Arabic https://t.co/ms6TxTYlcN",1.60E+18,45mogaber45,UNKWN
12/12/22,11:26:55,annotations: Ukraine,1.60E+18,knight_riders43,"Dubai, United Arab Emirates"
12/12/22,11:26:55,annotations: Wagner,1.60E+18,knight_riders43,"Dubai, United Arab Emirates"
12/12/22,11:26:55,annotations: Bangladesh,1.60E+18,knight_riders43,"Dubai, United Arab Emirates"
12/12/22,11:26:55,annotations: Afghan,1.60E+18,knight_riders43,"Dubai, United Arab Emirates"
12/12/22,11:26:55,annotations: Pakistan,1.60E+18,knight_riders43,"Dubai, United Arab Emirates"
12/12/22,11:26:55,annotations: ck,1.60E+18,knight_riders43,"Dubai, United Arab Emirates"
12/12/22,11:26:55,annotations: ber in U,1.60E+18,knight_riders43,"Dubai, United Arab Emirates"
11/26/22,13:52:00,"tweeted: üá∫üá¶ Ukraine strike hits Wagner group headquarters- official

üáßüá© Bangladesh's opposition lawmakers quit parliament demand fresh vote

üáµüá∞ üá¶üá´ Several killed in firing by Afghan forces on Pakistan border

üè¥Û†ÅßÛ†Å¢Û†Å≥Û†Å£Û†Å¥Û†Åø Suspected Lockerbie bomber in US custody:Scotland

#World #UkraineRussiaWarÔ∏è",1.60E+18,knight_riders43,"Dubai, United Arab Emirates"
12/12/22,11:25:33,links: https://www.firstpost.com/explainers/wagner-group-russian-mercenary-group-ukraine-war-11794811.html?utm_source=twitter&utm_medium=social,1.60E+18,firstpost,"Mumbai, India"
12/12/22,11:25:33,annotations: Russia,1.60E+18,firstpost,"Mumbai, India"
12/12/22,11:25:33,annotations: WagnerPMC,1.60E+18,firstpost,"Mumbai, India"
12/12/22,11:25:33,annotations: Ukraine,1.60E+18,firstpost,"Mumbai, India"
12/12/22,11:25:33,annotations: Vladimir Putin,1.60E+18,firstpost,"Mumbai, India"
12/12/22,11:25:33,annotations: Wagner,1.60E+18,firstpost,"Mumbai, India"
12/12/22,11:25:33,annotations: PMC,1.60E+18,firstpost,"Mumbai, India"
12/12/22,11:25:33,annotations: RussiaUkraineWar,1.60E+18,firstpost,"Mumbai, India"
2/23/11,13:09:22,"tweeted: Members of Russia‚Äôs #WagnerPMC were killed following an attack by Ukraine‚Äôs armed forces on a hotel. The mercenaries, also known as Vladimir Putin‚Äôs private army, have been working in the shadows since 2014 #Wagner_PMC #RussiaUkraineWar 
https://t.co/CbjH36B2b9",1.60E+18,firstpost,"Mumbai, India"
12/12/22,11:25:33,links: https://www.reuters.com/world/europe/ukraine-regional-official-says-strike-hits-wagner-group-headquarters-2022-12-11/,1.60E+18,alleyesonwagner,Internet
12/12/22,11:25:33,annotations: Ukraine,1.60E+18,alleyesonwagner,Internet
12/12/22,11:25:33,annotations: Wagner,1.60E+18,alleyesonwagner,Internet
12/12/22,11:25:33,annotations: Reuters,1.60E+18,alleyesonwagner,Internet
3/11/22,9:59:19,tweeted: Ukraine regional official says strike hits Wagner group headquarters | Reuters https://t.co/IoFk2qLLrr,1.60E+18,alleyesonwagner,Internet
12/12/22,11:25:09,links: https://globaltrends.digital/post/ukraine-war-lemekhani-nyirenda-was-recruited-by-russia-s-mercenary-group-wagner,1.60E+18,global_trends22,UNKWN
12/12/22,11:25:09,annotations: Ukraine,1.60E+18,global_trends22,UNKWN
12/12/22,11:25:09,annotations: Lemekhani Nyirenda,1.60E+18,global_trends22,UNKWN
12/12/22,11:25:09,annotations: Russia,1.60E+18,global_trends22,UNKWN
12/12/22,11:25:09,annotations: Wagner,1.60E+18,global_trends22,UNKWN
6/23/20,11:16:27,tweeted: Ukraine war: Lemekhani Nyirenda was recruited by Russia's mercenary group Wagner https://t.co/Ya91UGeb1D,1.60E+18,global_trends22,UNKWN
12/12/22,11:21:44,annotations: Russia,1.60E+18,ocholagragory,UNKWN
12/12/22,11:21:44,annotations: Ukraine,1.60E+18,ocholagragory,UNKWN
12/12/22,11:21:44,annotations: Wagner,1.60E+18,ocholagragory,UNKWN
3/13/22,11:31:00,tweeted: I would like to fight for Russia in Ukraine. I ask the Wagner group to give me the opportunity to fight for Russia.,1.60E+18,ocholagragory,UNKWN
12/12/22,11:20:37,links: https://twitter.com/HerryNapit/status/1602262139745734656/photo/1,1.60E+18,HerryNapit,Indonesia
12/12/22,11:20:37,annotations: Wagner Group,1.60E+18,HerryNapit,Indonesia
12/12/22,11:20:37,annotations: Putin,1.60E+18,HerryNapit,Indonesia
12/12/22,11:20:37,annotations: Bakhmut,1.60E+18,HerryNapit,Indonesia
12/12/22,11:20:37,annotations: Donetsk,1.60E+18,HerryNapit,Indonesia
12/12/22,11:20:37,annotations: Ukraine,1.60E+18,HerryNapit,Indonesia
12/12/22,11:20:37,annotations: Prigozhin,1.60E+18,HerryNapit,Indonesia
12/12/22,11:20:37,annotations: Kremlin,1.60E+18,HerryNapit,Indonesia
12/12/22,11:20:37,annotations: Russia,1.60E+18,HerryNapit,Indonesia
12/12/22,11:20:37,annotations: Wagner,1.60E+18,HerryNapit,Indonesia
12/12/22,11:20:37,annotations: UkraineWar,1.60E+18,HerryNapit,Indonesia
1/13/20,2:40:35,"tweeted: Wagner Group is doing Putin‚Äôs dirty work in Bakhmut, Donetsk region, Ukraine. Its leader Prigozhin is trying to make a political gain, showing the Kremlin, Russia, that Wagner is the only Russian force that could counter the Ukrainians #Ukraineüá∫üá¶#UkraineWar #UkraineRussiaWarÔ∏è https://t.co/2zw4t3jg97",1.60E+18,HerryNapit,Indonesia
12/12/22,11:20:22,links: https://twitter.com/peripolemou/status/1602262079326535680/photo/1,1.60E+18,peripolemou,UNKWN
3/13/22,12:51:15,"tweeted: Œó ŒºŒµŒªŒªŒøŒΩœÑŒπŒ∫ŒÆ ŒºŒ±œÇ Œ¥ŒπŒ±œÑœÅŒøœÜŒÆ . ŒëœÖœÑŒ∑ŒΩ ŒºŒ±œÇ ŒµœÑŒøŒπŒºŒ±Œ∂ŒµŒπ Œø ŒöŒªŒ±ŒøœÖœÇ Œ£ŒøœÖŒ±ŒºœÄ Œ∫Œ±Œπ ŒøŒπ ŒøŒºŒøŒπŒøŒπ œÑŒøœÖ.

 #russia_ukraine_war #usa #NATO #Wagner_group_pmc https://t.co/TzB2ia678g",1.60E+18,peripolemou,UNKWN
12/12/22,11:19:53,links: https://ift.tt/BQFjrLy,1.60E+18,waranalysts,UNKWN
12/12/22,11:19:53,annotations: Ukraine,1.60E+18,waranalysts,UNKWN
12/12/22,11:19:53,annotations: Wagner,1.60E+18,waranalysts,UNKWN
12/12/22,11:19:53,annotations: The Jerusalem Post,1.60E+18,waranalysts,UNKWN
12/2/09,14:44:38,tweeted: Ukraine regional official says strike hits Wagner group headquarters - The Jerusalem Post https://t.co/Q1Wumvubm1,1.60E+18,waranalysts,UNKWN
12/12/22,11:18:09,mentions: S_Ibrahimkhil,1.60E+18,underjoyed,"Frankfurt am Main, Deutschland"
12/12/22,11:18:09,annotations: Wagner Group,1.60E+18,underjoyed,"Frankfurt am Main, Deutschland"
1/7/09,16:45:07,"tweeted: @S_Ibrahimkhil Disclaimer: Wagner Group can mean a lot of things in this particular case. It is with high probability predictable that most of the people who were killed are ""undesirables"" who are faced with instant death if they decide not to fight. And ""undesirables"" in üá∑üá∫ is a broad term.",1.60E+18,underjoyed,"Frankfurt am Main, Deutschland"
12/12/22,11:17:35,annotations: Ukraine,1.60E+18,S_Ibrahimkhil,"Essen, Deutschland"
12/12/22,11:17:35,annotations: Wagner,1.60E+18,S_Ibrahimkhil,"Essen, Deutschland"
12/12/22,11:17:35,annotations: Luhansk,1.60E+18,S_Ibrahimkhil,"Essen, Deutschland"
12/12/22,11:17:35,annotations: Serhij Hajdaj,1.60E+18,S_Ibrahimkhil,"Essen, Deutschland"
12/12/22,11:17:35,annotations: Kyiv Independent,1.60E+18,S_Ibrahimkhil,"Essen, Deutschland"
6/27/19,2:58:25,"tweeted: #Ukraine Ukrainian forces have attacked the headquarters of the Wagner group in Luhansk.
According to the region's governor, Serhij Hajdaj, several people have been killed.
- It is about enormous losses, he tells the Kyiv Independent.",1.60E+18,S_Ibrahimkhil,"Essen, Deutschland"
12/12/22,11:16:09,annotations: Luhansk,1.60E+18,DTMsport,Geographically Unstable
12/12/22,11:16:09,annotations: Russia,1.60E+18,DTMsport,Geographically Unstable
12/12/22,11:16:09,annotations: Wagner,1.60E+18,DTMsport,Geographically Unstable
12/12/22,11:16:09,links: https://www.telegraph.co.uk/world-news/2022/12/11/ukraine-russia-war-news-putin-nuclear-iran-drones-latest/,1.60E+18,DTMsport,Geographically Unstable
11/8/11,15:40:01,"tweeted: The Luhansk headquarters of Russia's notorious Wagner mercenary group has been struck, causing significant losses, according to a Ukrainian official.
 https://t.co/wE0wYUYhvm",1.60E+18,DTMsport,Geographically Unstable
12/12/22,11:15:36,annotations: Ukraine,1.60E+18,ievrenofficial,India
12/12/22,11:15:36,annotations: Wagner,1.60E+18,ievrenofficial,India
12/12/22,11:15:36,links: https://ievren.org/europe/live-blog-ukraine-strike-hits-wagner-group-headquarters-official/,1.60E+18,ievrenofficial,India
4/11/22,16:49:54,tweeted: Live blog: Ukraine strike hits Wagner group headquarters ‚Äì¬†official https://t.co/8Pt2SCPwnV,1.60E+18,ievrenofficial,India
12/12/22,11:15:28,mentions: VeraIrisZ,1.60E+18,JoleJoc19195339,UNKWN
12/12/22,11:15:28,mentions: genesis_rrn,1.60E+18,JoleJoc19195339,UNKWN
12/12/22,11:15:28,mentions: Giyu_007,1.60E+18,JoleJoc19195339,UNKWN
12/12/22,11:15:28,mentions: AZgeopolitics,1.60E+18,JoleJoc19195339,UNKWN
10/7/21,8:33:41,"tweeted: @VeraIrisZ @genesis_rrn @Giyu_007 @AZgeopolitics A svakako cu uvek pre podrzavati Putina, Rusku vojsku pa cak i Wagner, jer su svakako bolji od Americke vojske, NATO-a,  CIA, Erik Prince-a i njihovih placenih ubica Academi ili ti Blackwater, Greystone i Mozart Group. Pljackasi i masovne ubice.",1.60E+18,JoleJoc19195339,UNKWN
12/12/22,11:14:55,annotations: Ukraine,1.60E+18,VeraIrisZ,UNKWN
12/12/22,11:14:55,annotations: Wagner,1.60E+18,VeraIrisZ,UNKWN
12/12/22,11:14:55,links: https://www.jpost.com/international/article-724629,1.60E+18,VeraIrisZ,UNKWN
5/23/15,22:36:41,"tweeted: Ukraine regional official says strike hits Wagner group headquarters

 https://t.co/gOJ2ee4dbl",1.60E+18,VeraIrisZ,UNKWN
12/12/22,11:11:40,annotations: LCD,1.60E+18,genesis_rrn,UNKWN
12/12/22,11:11:40,annotations: Mozart Group,1.60E+18,genesis_rrn,UNKWN
12/12/22,11:11:40,annotations: Stravinsky,1.60E+18,genesis_rrn,UNKWN
12/12/22,11:11:40,annotations: Mahler,1.60E+18,genesis_rrn,UNKWN
12/12/22,11:11:40,annotations: Wagner,1.60E+18,genesis_rrn,UNKWN
12/12/22,11:11:40,links: https://twitter.com/ivan_8848/status/1602259889778221056/video/1,1.60E+18,genesis_rrn,UNKWN
5/23/21,18:50:14,"tweeted: I can't stand LCD marketing, for reals man 'Mozart Group', I know it's been said before by others, but still. How uncreative can you get?

Why not Stravinsky group, or Mahler group or anything relevant to the 19th century to mirror this Wagner stuff. https://t.co/A2XFcoEn36",1.60E+18,genesis_rrn,UNKWN
12/12/22,11:09:45,annotations: Ukraine,1.60E+18,Giyu_007,Bharat
12/12/22,11:09:45,annotations: Russia,1.60E+18,Giyu_007,Bharat
12/12/22,11:09:45,annotations: Wagner,1.60E+18,Giyu_007,Bharat
12/12/22,11:09:45,annotations: Luhansk,1.60E+18,Giyu_007,Bharat
12/12/22,11:09:45,mentions: savunmaisleri,1.60E+18,Giyu_007,Bharat
12/12/22,11:09:45,links: https://twitter.com/metesohtaoglu/status/1602259403985633283/video/1,1.60E+18,Giyu_007,Bharat
7/8/22,21:12:37,"tweeted: üìπ #Ukraine- Ukrainian forces have struck a headquarters of Russia‚Äôs Wagner mercenary group in eastern Ukraine, Luhansk with HIMARS system.
üìπ @savunmaisleri https://t.co/JslyACWPo4",1.60E+18,Giyu_007,Bharat
12/12/22,11:09:16,annotations: Wagner,1.60E+18,AZgeopolitics,Eastern Roman Empire
12/12/22,11:09:16,annotations: Nazi,1.60E+18,AZgeopolitics,Eastern Roman Empire
12/12/22,11:09:16,mentions: DMB12445,1.60E+18,AZgeopolitics,Eastern Roman Empire
10/2/20,15:56:38,tweeted: @DMB12445 The building was being used by Wagner who are a Neo - Nazi mercenary group,1.60E+18,AZgeopolitics,Eastern Roman Empire
12/12/22,11:07:03,links: http://dlvr.it/SfDM8t,1.60E+18,ivan_8848,UNKWN
8/16/16,17:21:25,"tweeted: ÿ®ŸÜ ŸáŸàÿØÿ¨ÿ≤ ŸäŸàÿ∂ÿ≠ ŸÑŸÄCNN ŸÖÿß ŸäÿπŸÜŸäŸá ÿ™ŸÅÿ¨Ÿäÿ± ŸÖŸÇÿ± ŸÖÿ¨ŸÖŸàÿπÿ© ""ŸÅÿßÿ∫ŸÜÿ±"" ÿßŸÑÿ±Ÿàÿ≥Ÿäÿ© ŸÅŸä ÿ£ŸàŸÉÿ±ÿßŸÜŸäÿß https://t.co/sUoyHx0anO",1.60E+18,ivan_8848,UNKWN
12/12/22,11:06:51,links: https://newsfet.com/ukraine-%ce%b2%ce%bf%ce%bc%ce%b2%ce%b1%cf%81%ce%b4%ce%b9%cf%83%cf%84%ce%ad%cf%82-hotels-with-members-of-the-wagner-group/,1.60E+18,metesohtaoglu,Istanbul - Turkiye
6/11/09,17:46:21,tweeted: Ukraine: Œ≤ŒøŒºŒ≤Œ±œÅŒ¥ŒπœÉœÑŒ≠œÇ hotels with members of the Wagner¬†Group https://t.co/JYMYcYtXoy,1.60E+18,metesohtaoglu,Istanbul - Turkiye
12/12/22,11:05:19,annotations: Ukraine,1.60E+18,savunmaisleri,"ƒ∞stanbul, T√ºrkiye"
12/12/22,11:05:19,annotations: Wagner,1.60E+18,savunmaisleri,"ƒ∞stanbul, T√ºrkiye"
12/8/14,10:42:22,"tweeted: Ukraine says it killed Wagner mercenaries, who are they? Controversial armed group emerged from being a murky guns-for-hire enterprise to a public extension of the Russian army.",1.60E+18,savunmaisleri,"ƒ∞stanbul, T√ºrkiye"
12/12/22,10:55:34,links: https://workme.online/2022/12/12/ukraine-says-it-killed-wagner-mercenaries-who-are-they-explainer-news/,1.60E+18,SufiWorker,UNKWN
12/12/22,10:55:34,annotations: Wagner Group,1.60E+18,SufiWorker,UNKWN
10/9/22,10:12:39,"tweeted: Controversial armed group emerged from being a murky guns-for-hire enterprise to a public extension of the Russian military.The controversial private military company Wagner Group is in the news againas Ukrainian authorities say a number of its # # # #

https://t.co/kIlNy5JEXq",1.60E+18,SufiWorker,UNKWN
12/12/22,10:51:41,annotations: Wagner Group,1.60E+18,tommy_nn,"Tokyo, JAPAN"
12/12/22,10:51:41,mentions: SamRamani2,1.60E+18,tommy_nn,"Tokyo, JAPAN"
1/15/10,21:51:50,tweeted: @SamRamani2 Merry HIMARS to Wagner Group!,1.60E+18,tommy_nn,"Tokyo, JAPAN"
12/12/22,10:51:25,links: https://youtu.be/QsrqH-4ZIAg,1.60E+18,SamRamani2,"Oxford, England"
12/12/22,10:51:25,annotations: Wagner Group,1.60E+18,SamRamani2,"Oxford, England"
12/12/22,10:51:25,annotations: Ukraine,1.60E+18,SamRamani2,"Oxford, England"
12/12/22,10:51:25,mentions: YouTube,1.60E+18,SamRamani2,"Oxford, England"
10/12/13,23:22:53,tweeted: See aftermath of explosion at Wagner Group's purported base in Ukraine https://t.co/CbVLo53KZQ via @YouTube,1.60E+18,SamRamani2,"Oxford, England"
12/12/22,10:46:34,links: https://youtu.be/TBVcTgM-l24,1.60E+18,Stephen07329389,UNKWN
12/12/22,10:46:34,annotations: Wagner,1.60E+18,Stephen07329389,UNKWN
12/12/22,10:46:34,annotations: Ukraine,1.60E+18,Stephen07329389,UNKWN
12/12/22,10:46:34,annotations: MSM,1.60E+18,Stephen07329389,UNKWN
9/20/22,9:56:21,"tweeted: https://t.co/bdmnm7BpwI

Wagner group or Ukraine shoulders hit I don‚Äôt know‚Ä¶. All I know is that the MSM is full of shit and let alone taking it with a grain of salt I wouldn‚Äôt buy their garbage at all‚Ä¶ see ya when the war ends‚Ä¶ that will say which side stands where",1.60E+18,Stephen07329389,UNKWN
12/12/22,10:45:40,links: https://twitter.com/khabarwala8/status/1602253345217036288/photo/1,1.60E+18,YouTube,"San Bruno, CA"
12/12/22,10:45:40,annotations: Russia,1.60E+18,YouTube,"San Bruno, CA"
12/12/22,10:45:40,annotations: Wagner Group,1.60E+18,YouTube,"San Bruno, CA"
12/12/22,10:45:40,annotations: Ukraine,1.60E+18,YouTube,"San Bruno, CA"
12/12/22,10:45:40,annotations: Luhansk,1.60E+18,YouTube,"San Bruno, CA"
12/12/22,10:45:40,annotations: WagnerGroup,1.60E+18,YouTube,"San Bruno, CA"
12/12/22,10:45:40,annotations: RussiaIsLosing,1.60E+18,YouTube,"San Bruno, CA"
12/12/22,10:45:40,annotations: UkraineWar,1.60E+18,YouTube,"San Bruno, CA"
11/13/07,21:43:46,"tweeted: Members of Russia‚Äôs mercenary Wagner Group have reportedly been killed following an attack by Ukraine‚Äôs armed forces on a hotel where many were based in a town in the Russian-occupied Luhansk region.
#WagnerGroup #RussiaIsLosing #UkraineWar #UkraineRussiaWarÔ∏è #mercenaries https://t.co/vMnzJj9swI",1.60E+18,YouTube,"San Bruno, CA"
12/12/22,10:45:11,links: http://ow.ly/3bkC50M0xyM,1.60E+18,sagaermajithia,United Kingdom
12/12/22,10:45:11,links: https://twitter.com/ADFmagazine/status/1602253222307061760/photo/1,1.60E+18,sagaermajithia,United Kingdom
12/12/22,10:45:11,annotations: Jason Blazakis,1.60E+18,sagaermajithia,United Kingdom
12/12/22,10:45:11,annotations: Russia,1.60E+18,sagaermajithia,United Kingdom
12/12/22,10:45:11,annotations: Wagner Group,1.60E+18,sagaermajithia,United Kingdom
12/12/22,10:45:11,annotations: Africa,1.60E+18,sagaermajithia,United Kingdom
12/12/22,10:45:11,mentions: Jason_Blazakis,1.60E+18,sagaermajithia,United Kingdom
2/6/22,22:44:53,tweeted: Jason Blazakis @Jason_Blazakis opines: #Russia's Wagner Group is more than mercenaries -- its violence across Africa prove it's a terrorist organization - https://t.co/sRcTzQHxpl https://t.co/MyZLbLXeq2,1.60E+18,sagaermajithia,United Kingdom
12/12/22,10:44:36,links: https://www.bbc.com/news/world-europe-63933132,1.60E+18,khabarwala8,Earth 
12/12/22,10:44:36,annotations: Russia,1.60E+18,khabarwala8,Earth 
12/12/22,10:44:36,annotations: Wagner,1.60E+18,khabarwala8,Earth 
12/12/22,10:44:36,annotations: Luhansk,1.60E+18,khabarwala8,Earth 
12/12/22,10:44:36,annotations: Ukraine,1.60E+18,khabarwala8,Earth 
12/12/22,10:44:36,annotations: Serhiy Haidai,1.60E+18,khabarwala8,Earth 
12/12/22,10:44:36,annotations: Kadiivka,1.60E+18,khabarwala8,Earth 
6/13/22,11:21:01,"tweeted: Ukrainian forces have struck a headquarters of Russia‚Äôs Wagner mercenary group, says the governor-in-exile of Luhansk in eastern Ukraine. Serhiy Haidai said a hotel where the group met in Kadiivka, Luhansk, had been hit with major losses. https://t.co/l80CHUsqEC",1.60E+18,khabarwala8,Earth 
12/12/22,10:36:01,links: https://twitter.com/EU_UNGeneva/status/1602250914299101188/photo/1,1.60E+18,ADFmagazine,Africa
12/12/22,10:36:01,annotations: sador Thomas ,1.60E+18,ADFmagazine,Africa
12/12/22,10:36:01,annotations: m our ,1.60E+18,ADFmagazine,Africa
12/12/22,10:36:01,annotations: n ,1.60E+18,ADFmagazine,Africa
12/12/22,10:36:01,mentions: SciencesPo38,1.60E+18,ADFmagazine,Africa
8/4/15,9:19:35,tweeted: We were delighted to welcome a student groupüßëüèº‚Äçüéìüë©üèø‚Äçüéìüë®üèæ‚Äçüéì from @SciencesPo38 on Friday - Ambassador Thomas Wagner shared with them our Geneva perspective on the EU üá™üá∫ as a multilateral player. Would you also like to visit our Delegation with your group? Don't hesitate to get in contact! https://t.co/pwBswoBMo8,1.60E+18,ADFmagazine,Africa
12/12/22,10:35:09,links: https://tmblr.co/ZH0m4Rd3522E8m00,1.60E+18,Jason_Blazakis,"Washington, DC"
12/12/22,10:35:09,annotations: Ukraine,1.60E+18,Jason_Blazakis,"Washington, DC"
12/12/22,10:35:09,annotations: Wagner,1.60E+18,Jason_Blazakis,"Washington, DC"
2/9/17,23:27:41,"tweeted: Ukraine says it killed Wagner mercenaries, who are they? | Explainer News Ukraine says it killed Wagner mercenaries, who are they? | Explainer¬†News Controversial armed group emerged from being a murky guns-for-hire enterprise to a public... https://t.co/apy0LN7C1Q",1.60E+18,Jason_Blazakis,"Washington, DC"
12/12/22,10:33:02,links: https://www.voanews.com/a/latest-developments-in-ukraine-dec-11/6871311.html,1.60E+18,Chief_Exec_com,United Kingdom
12/12/22,10:33:02,annotations: Ukraine,1.60E+18,Chief_Exec_com,United Kingdom
12/12/22,10:33:02,annotations: Russia,1.60E+18,Chief_Exec_com,United Kingdom
12/12/22,10:33:02,annotations: Wagner,1.60E+18,Chief_Exec_com,United Kingdom
12/12/22,10:33:02,annotations: Wagnergroup,1.60E+18,Chief_Exec_com,United Kingdom
12/12/22,10:33:02,annotations: WagnerGroupHUNT,1.60E+18,Chief_Exec_com,United Kingdom
9/10/16,17:43:06,"tweeted: https://t.co/sN1NEgW5q2 5:05 p.m.: A senior official in eastern Ukraine said on Sunday that Ukrainian forces had attacked a hotel where members of Russia's private Wagner military group were based, killing many of them.

#Wagnergroup #WagnerGroupHUNT #grouphunt",1.60E+18,Chief_Exec_com,United Kingdom
12/12/22,11:43:23,annotations: Ukraine,1.60E+18,lifestylepro6,Pakistan
12/12/22,11:43:23,annotations: Lemekhani Nyirenda,1.60E+18,lifestylepro6,Pakistan
12/12/22,11:43:23,annotations: Russia,1.60E+18,lifestylepro6,Pakistan
12/12/22,11:43:23,links: https://news.bringlifestyle.com/ukraine-war-lemekhani-nyirenda-was-recruited-by-russias-mercenary-group-wagner/,1.60E+18,lifestylepro6,Pakistan
3/8/22,6:10:28,tweeted: Ukraine war: Lemekhani Nyirenda was recruited by Russia‚Äôs mercenary group¬†Wagner https://t.co/NcsMl3f25b,1.60E+18,lifestylepro6,Pakistan
12/12/22,11:42:37,annotations: Wagner Group,1.60E+18,SuzannePaganFG,UNKWN
12/12/22,11:42:37,annotations: Vladimir Putin,1.60E+18,SuzannePaganFG,UNKWN
12/12/22,11:42:37,annotations: Wagner,1.60E+18,SuzannePaganFG,UNKWN
12/12/22,11:42:37,annotations: Ukraine,1.60E+18,SuzannePaganFG,UNKWN
10/1/17,17:18:13,"tweeted: private military force, the ""Wagner Group,"" a state-sanctioned group founded by an Ally of President Vladimir Putin.

Wagner soldiers, widely seen as mercenaries, are fighting alongside the regular Russian army in Ukraine, particularly in the east of the country, where fighting",1.60E+18,SuzannePaganFG,UNKWN
12/12/22,11:42:35,annotations: Luhansk,1.60E+18,mariataylor6581,Canterbury
12/12/22,11:42:35,annotations: Wagner,1.60E+18,mariataylor6581,Canterbury
12/12/22,11:42:35,annotations: Ukraine,1.60E+18,mariataylor6581,Canterbury
12/12/22,11:42:35,annotations: Belgrade,1.60E+18,mariataylor6581,Canterbury
12/12/22,11:42:35,annotations: Serbia,1.60E+18,mariataylor6581,Canterbury
12/22/15,8:38:18,"tweeted: Russian mercenaries suffered 'very significant' losses in Luhansk, official says
A mural praises the Russian Wagner group and its mercenaries fighting in Ukraine on March 30, 2022 in Belgrade, Serbia.
A mural praises the Russian Wagner group and its mercenaries fighting",1.60E+18,mariataylor6581,Canterbury
12/12/22,11:42:08,links: https://twitter.com/mariataylor6581/status/1602267553866584064/photo/1,1.60E+18,AbuuZah,Global Citizen
10/4/11,19:27:51,tweeted: Ukraine war: Lemekhani Nyirenda was recruited by Russia's mercenary group Wagner https://t.co/5PcIql4Xfy,1.60E+18,AbuuZah,Global Citizen
12/12/22,11:41:56,annotations: FBI,1.60E+18,SamRamani2,"Oxford, England"
12/12/22,11:41:56,annotations: Wagner Group,1.60E+18,SamRamani2,"Oxford, England"
12/12/22,11:41:56,annotations: Ukraine,1.60E+18,SamRamani2,"Oxford, England"
12/12/22,11:41:56,annotations: Kamakaze,1.60E+18,SamRamani2,"Oxford, England"
12/12/22,11:41:56,mentions: SamRamani2,1.60E+18,SamRamani2,"Oxford, England"
10/12/13,23:22:53,"tweeted: @SamRamani2 Last week, the FBI declared Wagner Group most wanted, today Ukraine strike the Wagner Group, surely they were given instructions and coordinates to strike, they must be prepared for Kamakaze",1.60E+18,SamRamani2,"Oxford, England"
12/12/22,11:41:22,links: https://tubelive.page.link/E5xP25WwLrJ45YCJ9,1.60E+18,cnnnewsukraine,UNKWN
10/19/14,22:38:50,"tweeted: Clarissa Ward breaks down Wagner Group head‚Äôs warning to US
##UK ##SlavaUkraini ##QatarWorldCup2022 ##UkraineRussianWar # ##USA
https://t.co/7ZeFtnvDF5",1.60E+18,cnnnewsukraine,UNKWN
12/12/22,11:40:05,annotations: Kadiivka,1.60E+18,robdn,"London, England"
12/12/22,11:40:05,annotations: Luhansk region,1.60E+18,robdn,"London, England"
12/12/22,11:40:05,annotations: Russia,1.60E+18,robdn,"London, England"
12/12/22,11:40:05,annotations: Wagner,1.60E+18,robdn,"London, England"
12/12/22,11:40:05,links: https://www.msn.com/en-gb/news/world/live-ukraine-claims-strike-on-wagner-group-hq-says-huge-number-of-russian-mercenaries-killed/ar-AA15apGM?ocid=msedgntp&cvid=b331302f783248eaada10ece5fe04a0e,1.60E+18,robdn,"London, England"
7/11/09,13:39:50,"tweeted: Ukrainian official claimed Sunday: forces attacked a hotel in the city of Kadiivka in the occupied Luhansk region, where Russia‚Äôs private Wagner military are based, allegedly killing ‚Äòa huge number‚Äô of them. [report not confirmed independently].  https://t.co/A8jcIpuCjU",1.60E+18,robdn,"London, England"
12/12/22,11:38:08,annotations: Ukraine,1.60E+18,DeborahLago5,UNKWN
12/12/22,11:38:08,annotations: Putin,1.60E+18,DeborahLago5,UNKWN
12/12/22,11:38:08,annotations: Wagner HQ,1.60E+18,DeborahLago5,UNKWN
12/12/22,11:38:08,annotations: Wagner Group,1.60E+18,DeborahLago5,UNKWN
12/12/22,11:38:08,links: https://www.msn.com/en-us/news/world/ukraine-news-live-many-killed-in-strike-on-putin-s-private-wagner-hq-in-eastern-battle/ar-AA15a7HU?cvid=06a3f7fc923a4d32ae5a2f91eb5360bd,1.60E+18,DeborahLago5,UNKWN
5/6/19,15:15:47,"tweeted: Ukraine news - live: ‚ÄòMany killed‚Äô in strike on Putin‚Äôs private Wagner HQ in eastern battle https://t.co/TaSZrtSyyy Love it, wish the leaders of Wagner Group were there when it was hit. Go Ukraine!",1.60E+18,DeborahLago5,UNKWN
12/12/22,11:35:22,annotations: Ukraine,1.60E+18,2dialogue,"Sarasota, FL"
12/12/22,11:35:22,annotations: Lemekhani Nyirenda,1.60E+18,2dialogue,"Sarasota, FL"
12/12/22,11:35:22,annotations: Russia,1.60E+18,2dialogue,"Sarasota, FL"
12/12/22,11:35:22,annotations: Wagner,1.60E+18,2dialogue,"Sarasota, FL"
12/12/22,11:35:22,links: https://www.bbc.co.uk/news/world-africa-63935260,1.60E+18,2dialogue,"Sarasota, FL"
10/5/11,23:32:32,"tweeted: #Ukraine war: Lemekhani Nyirenda was recruited by Russia's mercenary group Wagner
https://t.co/6OKafNyL8G",1.60E+18,2dialogue,"Sarasota, FL"
12/12/22,11:31:24,annotations: Ukraine,1.60E+18,natty4bumpo,"Chattanooga, TN, USA"
12/12/22,11:31:24,annotations: Wagner,1.60E+18,natty4bumpo,"Chattanooga, TN, USA"
12/12/22,11:31:24,annotations: Blackwater,1.60E+18,natty4bumpo,"Chattanooga, TN, USA"
12/12/22,11:31:24,annotations: USA,1.60E+18,natty4bumpo,"Chattanooga, TN, USA"
12/12/22,11:31:24,links: https://www.aljazeera.com/news/2022/12/12/ukraine-says-it-has-killed-wagner-mercenaries-who-are-they,1.60E+18,natty4bumpo,"Chattanooga, TN, USA"
4/10/09,5:21:26,"tweeted: Ukraine says it killed Wagner mercenaries, who are they?  Controversial armed group emerged from being a murky guns-for-hire enterprise to a public extension of the Russian military (like Blackwater in USA).

https://t.co/VLgTWD3Y8v",1.60E+18,natty4bumpo,"Chattanooga, TN, USA"
12/12/22,11:29:02,links: https://tubelive.page.link/dCPCLJK12D8T4Rqn8,1.60E+18,cnnnewsukraine,UNKWN
12/12/22,11:29:02,annotations: Wagner Group,1.60E+18,cnnnewsukraine,UNKWN
12/12/22,11:29:02,annotations: Bakhmut,1.60E+18,cnnnewsukraine,UNKWN
12/12/22,11:29:02,annotations: ukraine,1.60E+18,cnnnewsukraine,UNKWN
12/12/22,11:29:02,annotations: SlavaUkraini,1.60E+18,cnnnewsukraine,UNKWN
12/12/22,11:29:02,annotations: USA,1.60E+18,cnnnewsukraine,UNKWN
12/12/22,11:29:02,annotations: UkraineRussianWar,1.60E+18,cnnnewsukraine,UNKWN
12/12/22,11:29:02,annotations: QatarWorldCup2022,1.60E+18,cnnnewsukraine,UNKWN
10/19/14,22:38:50,"tweeted: Ukrainian Special Forces hunt down and destroy Wagner Group mercenaries in Bakhmut
##ukraine ##SlavaUkraini # ##USA ##UkraineRussianWar ##QatarWorldCup2022
https://t.co/HOHuCVCw5W",1.60E+18,cnnnewsukraine,UNKWN
12/12/22,11:16:09,annotations: Luhansk,1.60E+18,INFONEWS2048,London
12/12/22,11:16:09,annotations: Russia,1.60E+18,INFONEWS2048,London
12/12/22,11:16:09,annotations: Wagner,1.60E+18,INFONEWS2048,London
12/12/22,11:16:09,links: https://www.telegraph.co.uk/world-news/2022/12/11/ukraine-russia-war-news-putin-nuclear-iran-drones-latest/,1.60E+18,INFONEWS2048,London
11/3/11,19:35:37,"tweeted: The Luhansk headquarters of Russia's notorious Wagner mercenary group has been struck, causing significant losses, according to a Ukrainian official.
 https://t.co/wE0wYUYhvm",1.60E+18,INFONEWS2048,London
12/12/22,11:15:36,annotations: Ukraine,1.60E+18,DTMsport,Geographically Unstable
12/12/22,11:15:36,annotations: Wagner,1.60E+18,DTMsport,Geographically Unstable
12/12/22,11:15:36,links: https://ievren.org/europe/live-blog-ukraine-strike-hits-wagner-group-headquarters-official/,1.60E+18,DTMsport,Geographically Unstable
11/8/11,15:40:01,tweeted: Live blog: Ukraine strike hits Wagner group headquarters ‚Äì¬†official https://t.co/8Pt2SCPwnV,1.60E+18,DTMsport,Geographically Unstable
12/12/22,11:15:28,mentions: VeraIrisZ,1.60E+18,ievrenofficial,India
12/12/22,11:15:28,mentions: genesis_rrn,1.60E+18,ievrenofficial,India
12/12/22,11:15:28,mentions: Giyu_007,1.60E+18,ievrenofficial,India
12/12/22,11:15:28,mentions: AZgeopolitics,1.60E+18,ievrenofficial,India
4/11/22,16:49:54,"tweeted: @VeraIrisZ @genesis_rrn @Giyu_007 @AZgeopolitics A svakako cu uvek pre podrzavati Putina, Rusku vojsku pa cak i Wagner, jer su svakako bolji od Americke vojske, NATO-a,  CIA, Erik Prince-a i njihovih placenih ubica Academi ili ti Blackwater, Greystone i Mozart Group. Pljackasi i masovne ubice.",1.60E+18,ievrenofficial,India
12/12/22,11:14:55,annotations: Ukraine,1.60E+18,JoleJoc19195339,UNKWN
12/12/22,11:14:55,annotations: Wagner,1.60E+18,JoleJoc19195339,UNKWN
12/12/22,11:14:55,links: https://www.jpost.com/international/article-724629,1.60E+18,JoleJoc19195339,UNKWN
10/7/21,8:33:41,"tweeted: Ukraine regional official says strike hits Wagner group headquarters

 https://t.co/gOJ2ee4dbl",1.60E+18,JoleJoc19195339,UNKWN
12/12/22,11:11:40,annotations: LCD,1.60E+18,VeraIrisZ,UNKWN
12/12/22,11:11:40,annotations: Mozart Group,1.60E+18,VeraIrisZ,UNKWN
12/12/22,11:11:40,annotations: Stravinsky,1.60E+18,VeraIrisZ,UNKWN
12/12/22,11:11:40,annotations: Mahler,1.60E+18,VeraIrisZ,UNKWN
12/12/22,11:11:40,annotations: Wagner,1.60E+18,VeraIrisZ,UNKWN
12/12/22,11:11:40,links: https://twitter.com/ivan_8848/status/1602259889778221056/video/1,1.60E+18,VeraIrisZ,UNKWN
5/23/15,22:36:41,"tweeted: I can't stand LCD marketing, for reals man 'Mozart Group', I know it's been said before by others, but still. How uncreative can you get?

Why not Stravinsky group, or Mahler group or anything relevant to the 19th century to mirror this Wagner stuff. https://t.co/A2XFcoEn36",1.60E+18,VeraIrisZ,UNKWN
12/12/22,11:09:45,annotations: Ukraine,1.60E+18,genesis_rrn,UNKWN
12/12/22,11:09:45,annotations: Russia,1.60E+18,genesis_rrn,UNKWN
12/12/22,11:09:45,annotations: Wagner,1.60E+18,genesis_rrn,UNKWN
12/12/22,11:09:45,annotations: Luhansk,1.60E+18,genesis_rrn,UNKWN
12/12/22,11:09:45,mentions: savunmaisleri,1.60E+18,genesis_rrn,UNKWN
12/12/22,11:09:45,links: https://twitter.com/metesohtaoglu/status/1602259403985633283/video/1,1.60E+18,genesis_rrn,UNKWN
5/23/21,18:50:14,"tweeted: üìπ #Ukraine- Ukrainian forces have struck a headquarters of Russia‚Äôs Wagner mercenary group in eastern Ukraine, Luhansk with HIMARS system.
üìπ @savunmaisleri https://t.co/JslyACWPo4",1.60E+18,genesis_rrn,UNKWN
12/12/22,11:09:16,annotations: Wagner,1.60E+18,Giyu_007,Bharat
12/12/22,11:09:16,annotations: Nazi,1.60E+18,Giyu_007,Bharat
12/12/22,11:09:16,mentions: DMB12445,1.60E+18,Giyu_007,Bharat
7/8/22,21:12:37,tweeted: @DMB12445 The building was being used by Wagner who are a Neo - Nazi mercenary group,1.60E+18,Giyu_007,Bharat
12/12/22,11:07:03,links: http://dlvr.it/SfDM8t,1.60E+18,al5brq8,"Al Adailiya, Kuwait"
1/19/15,14:30:00,"tweeted: ÿ®ŸÜ ŸáŸàÿØÿ¨ÿ≤ ŸäŸàÿ∂ÿ≠ ŸÑŸÄCNN ŸÖÿß ŸäÿπŸÜŸäŸá ÿ™ŸÅÿ¨Ÿäÿ± ŸÖŸÇÿ± ŸÖÿ¨ŸÖŸàÿπÿ© ""ŸÅÿßÿ∫ŸÜÿ±"" ÿßŸÑÿ±Ÿàÿ≥Ÿäÿ© ŸÅŸä ÿ£ŸàŸÉÿ±ÿßŸÜŸäÿß https://t.co/sUoyHx0anO",1.60E+18,al5brq8,"Al Adailiya, Kuwait"
12/12/22,11:06:51,links: https://newsfet.com/ukraine-%ce%b2%ce%bf%ce%bc%ce%b2%ce%b1%cf%81%ce%b4%ce%b9%cf%83%cf%84%ce%ad%cf%82-hotels-with-members-of-the-wagner-group/,1.60E+18,newsfet777,United States
2/11/22,12:05:24,tweeted: Ukraine: Œ≤ŒøŒºŒ≤Œ±œÅŒ¥ŒπœÉœÑŒ≠œÇ hotels with members of the Wagner¬†Group https://t.co/JYMYcYtXoy,1.60E+18,newsfet777,United States
12/12/22,11:05:19,annotations: Ukraine,1.60E+18,deji_of_lagos,"Lagos, Nigeria"
12/12/22,11:05:19,annotations: Wagner,1.60E+18,deji_of_lagos,"Lagos, Nigeria"
5/21/11,0:11:46,"tweeted: Ukraine says it killed Wagner mercenaries, who are they? Controversial armed group emerged from being a murky guns-for-hire enterprise to a public extension of the Russian army.",1.60E+18,deji_of_lagos,"Lagos, Nigeria"
12/12/22,10:36:01,mentions: SciencesPo38,1.60E+18,EU_UNGeneva,"Geneva, Switzerland"
12/12/22,10:36:01,annotations: sador Thomas ,1.60E+18,EU_UNGeneva,"Geneva, Switzerland"
12/12/22,10:36:01,annotations: m our ,1.60E+18,EU_UNGeneva,"Geneva, Switzerland"
12/12/22,10:36:01,annotations: n ,1.60E+18,EU_UNGeneva,"Geneva, Switzerland"
12/12/22,10:36:01,links: https://twitter.com/EU_UNGeneva/status/1602250914299101188/photo/1,1.60E+18,EU_UNGeneva,"Geneva, Switzerland"
2/21/13,18:59:17,tweeted: We were delighted to welcome a student groupüßëüèº‚Äçüéìüë©üèø‚Äçüéìüë®üèæ‚Äçüéì from @SciencesPo38 on Friday - Ambassador Thomas Wagner shared with them our Geneva perspective on the EU üá™üá∫ as a multilateral player. Would you also like to visit our Delegation with your group? Don't hesitate to get in contact! https://t.co/pwBswoBMo8,1.60E+18,EU_UNGeneva,"Geneva, Switzerland"
12/12/22,10:35:09,annotations: Ukraine,1.60E+18,SciencesPo38,Grenoble
12/12/22,10:35:09,annotations: Wagner,1.60E+18,SciencesPo38,Grenoble
12/12/22,10:35:09,links: https://tmblr.co/ZH0m4Rd3522E8m00,1.60E+18,SciencesPo38,Grenoble
10/10/11,19:06:15,"tweeted: Ukraine says it killed Wagner mercenaries, who are they? | Explainer News Ukraine says it killed Wagner mercenaries, who are they? | Explainer¬†News Controversial armed group emerged from being a murky guns-for-hire enterprise to a public... https://t.co/apy0LN7C1Q",1.60E+18,SciencesPo38,Grenoble
12/12/22,10:33:02,annotations: Ukraine,1.60E+18,TheTopBestGuide,UNKWN
12/12/22,10:33:02,annotations: Russia,1.60E+18,TheTopBestGuide,UNKWN
12/12/22,10:33:02,annotations: Wagner,1.60E+18,TheTopBestGuide,UNKWN
12/12/22,10:33:02,annotations: Wagnergroup,1.60E+18,TheTopBestGuide,UNKWN
12/12/22,10:33:02,annotations: WagnerGroupHUNT,1.60E+18,TheTopBestGuide,UNKWN
12/12/22,10:33:02,links: https://www.voanews.com/a/latest-developments-in-ukraine-dec-11/6871311.html,1.60E+18,TheTopBestGuide,UNKWN
4/12/22,20:50:16,"tweeted: https://t.co/sN1NEgW5q2 5:05 p.m.: A senior official in eastern Ukraine said on Sunday that Ukrainian forces had attacked a hotel where members of Russia's private Wagner military group were based, killing many of them.

#Wagnergroup #WagnerGroupHUNT #grouphunt",1.60E+18,TheTopBestGuide,UNKWN
12/12/22,10:25:33,mentions: KyivIndependent,1.60E+18,soundsafe007,Everywhere You Are 
12/12/22,10:25:33,annotations: Wagner Group,1.60E+18,soundsafe007,Everywhere You Are 
12/12/22,10:25:33,annotations: ISIS,1.60E+18,soundsafe007,Everywhere You Are 
6/10/21,17:31:06,tweeted: @KyivIndependent Wagner Group is nothing but a bunch of terrorists! Treat each and everyone of them like ISIS members.. hunt them down and rid the world of these pigs.,1.60E+18,soundsafe007,Everywhere You Are 
12/12/22,10:24:36,annotations: Evgeny Prigozhin,1.60E+18,Recherman1,UNKWN
12/12/22,10:24:36,annotations: Novoshakhtinsk,1.60E+18,Recherman1,UNKWN
12/12/22,10:24:36,annotations: Wagner,1.60E+18,Recherman1,UNKWN
12/12/22,10:24:36,annotations: Nikolin,1.60E+18,Recherman1,UNKWN
11/22/22,1:49:01,"tweeted: 4/ Evgeny Prigozhin said he was ready to ‚Äútake back to the front‚Äù the accused of shelling policemen in Novoshakhtinsk, and the leadership of the Wagner group does not disclaim responsibility for Nikolin‚Äôs actions",1.60E+18,Recherman1,UNKWN
12/12/22,10:20:50,mentions: Phalaphalafm,1.60E+18,KyivIndependent,Kyiv
11/21/21,22:30:41,"tweeted: @phalaphalafm Zwi nyitelaho mafhungo ndi haya a ramafhungo Daniel Stewart ane ari Ukraine authorities vhari ndi vhone vho itaho thaselo musanda wa Wagner Group ngei doroboni ya Kadiivka, Wagner Group mune wayo u na vhuledzani na president wa Russia vho Vladimir Putin

Cosmo City",1.60E+18,KyivIndependent,Kyiv
12/12/22,10:20:49,mentions: mpho_rathando,1.60E+18,CyberRealms1,Planet Earth
11/15/21,8:15:24,"tweeted: @mpho_rathando Zwi nyitelaho mafhungo ndi haya a ramafhungo Daniel Stewart ane ari Ukraine authorities vhari ndi vhone vho itaho thaselo musanda wa Wagner Group ngei doroboni ya Kadiivka, Wagner Group mune wayo u na vhuledzani na president wa Russia vho Vladimir Putin
Cosmo City",1.60E+18,CyberRealms1,Planet Earth
12/12/22,10:14:12,mentions: FRANCE24,1.60E+18,RamashiaMashudu,"Parow, South Africa"
12/12/22,10:14:12,annotations: Ukraine,1.60E+18,RamashiaMashudu,"Parow, South Africa"
12/12/22,10:14:12,annotations: Wagner,1.60E+18,RamashiaMashudu,"Parow, South Africa"
12/12/22,10:14:12,links: https://f24.my/96kV.T,1.60E+18,RamashiaMashudu,"Parow, South Africa"
8/9/21,14:03:48,"tweeted: Live: Ukraine claims strike on Wagner group HQ, says ‚Äòhuge number‚Äô of Russian mercenaries killed https://t.co/xOAY8rglZD via @FRANCE24",1.60E+18,RamashiaMashudu,"Parow, South Africa"
12/12/22,10:05:06,links: https://www.reuters.com/world/europe/ukraine-regional-official-says-strike-hits-wagner-group-headquarters-2022-12-11/,1.60E+18,Phalaphalafm,South Africa 
5/7/11,20:25:19,tweeted: https://t.co/JjP7CLOJt3,1.60E+18,Phalaphalafm,South Africa 
12/12/22,10:04:49,annotations: Ukraine,1.60E+18,mpho_rathando,South Africa 
12/12/22,10:04:49,annotations: Wagner Group,1.60E+18,mpho_rathando,South Africa 
12/12/22,10:04:49,annotations: Canada,1.60E+18,mpho_rathando,South Africa 
12/12/22,10:04:49,annotations: Germany,1.60E+18,mpho_rathando,South Africa 
12/12/22,10:04:49,annotations: America,1.60E+18,mpho_rathando,South Africa 
12/12/22,10:04:49,annotations: Bakhmut,1.60E+18,mpho_rathando,South Africa 
12/12/22,10:04:49,links: https://twtubelink.page.link/FyMW2ugLKpo4TD2Z8,1.60E+18,mpho_rathando,South Africa 
1/28/17,19:05:09,"tweeted: Ukraine: military situation with maps Nov 28, 2022; Wagner Group tactics on battlefield
#Canada #Germany #America #Ukraine #Bakhmut
https://t.co/WVlixMw9rz",1.60E+18,mpho_rathando,South Africa 
12/12/22,10:25:33,mentions: KyivIndependent,1.60E+18,Recherman1,UNKWN
12/12/22,10:25:33,annotations: Wagner Group,1.60E+18,Recherman1,UNKWN
12/12/22,10:25:33,annotations: ISIS,1.60E+18,Recherman1,UNKWN
11/22/22,1:49:01,tweeted: @KyivIndependent Wagner Group is nothing but a bunch of terrorists! Treat each and everyone of them like ISIS members.. hunt them down and rid the world of these pigs.,1.60E+18,Recherman1,UNKWN
12/12/22,10:24:36,annotations: Evgeny Prigozhin,1.60E+18,KyivIndependent,Kyiv
12/12/22,10:24:36,annotations: Novoshakhtinsk,1.60E+18,KyivIndependent,Kyiv
12/12/22,10:24:36,annotations: Wagner,1.60E+18,KyivIndependent,Kyiv
12/12/22,10:24:36,annotations: Nikolin,1.60E+18,KyivIndependent,Kyiv
11/21/21,22:30:41,"tweeted: 4/ Evgeny Prigozhin said he was ready to ‚Äútake back to the front‚Äù the accused of shelling policemen in Novoshakhtinsk, and the leadership of the Wagner group does not disclaim responsibility for Nikolin‚Äôs actions",1.60E+18,KyivIndependent,Kyiv
12/12/22,10:20:50,mentions: Phalaphalafm,1.60E+18,CyberRealms1,Planet Earth
11/15/21,8:15:24,"tweeted: @phalaphalafm Zwi nyitelaho mafhungo ndi haya a ramafhungo Daniel Stewart ane ari Ukraine authorities vhari ndi vhone vho itaho thaselo musanda wa Wagner Group ngei doroboni ya Kadiivka, Wagner Group mune wayo u na vhuledzani na president wa Russia vho Vladimir Putin

Cosmo City",1.60E+18,CyberRealms1,Planet Earth
12/12/22,10:20:49,mentions: mpho_rathando,1.60E+18,RamashiaMashudu,"Parow, South Africa"
8/9/21,14:03:48,"tweeted: @mpho_rathando Zwi nyitelaho mafhungo ndi haya a ramafhungo Daniel Stewart ane ari Ukraine authorities vhari ndi vhone vho itaho thaselo musanda wa Wagner Group ngei doroboni ya Kadiivka, Wagner Group mune wayo u na vhuledzani na president wa Russia vho Vladimir Putin
Cosmo City",1.60E+18,RamashiaMashudu,"Parow, South Africa"
12/12/22,10:14:12,mentions: FRANCE24,1.60E+18,Phalaphalafm,South Africa 
12/12/22,10:14:12,links: https://f24.my/96kV.T,1.60E+18,Phalaphalafm,South Africa 
12/12/22,10:14:12,annotations: Ukraine,1.60E+18,Phalaphalafm,South Africa 
12/12/22,10:14:12,annotations: Wagner,1.60E+18,Phalaphalafm,South Africa 
5/7/11,20:25:19,"tweeted: Live: Ukraine claims strike on Wagner group HQ, says ‚Äòhuge number‚Äô of Russian mercenaries killed https://t.co/xOAY8rglZD via @FRANCE24",1.60E+18,Phalaphalafm,South Africa 
12/12/22,10:05:06,links: https://www.reuters.com/world/europe/ukraine-regional-official-says-strike-hits-wagner-group-headquarters-2022-12-11/,1.60E+18,mpho_rathando,South Africa 
1/28/17,19:05:09,tweeted: https://t.co/JjP7CLOJt3,1.60E+18,mpho_rathando,South Africa 
12/12/22,10:04:49,links: https://twtubelink.page.link/FyMW2ugLKpo4TD2Z8,1.60E+18,Payback4Ukraine,Kyiv
12/12/22,10:04:49,annotations: Ukraine,1.60E+18,Payback4Ukraine,Kyiv
12/12/22,10:04:49,annotations: Wagner Group,1.60E+18,Payback4Ukraine,Kyiv
12/12/22,10:04:49,annotations: Canada,1.60E+18,Payback4Ukraine,Kyiv
12/12/22,10:04:49,annotations: Germany,1.60E+18,Payback4Ukraine,Kyiv
12/12/22,10:04:49,annotations: America,1.60E+18,Payback4Ukraine,Kyiv
12/12/22,10:04:49,annotations: Bakhmut,1.60E+18,Payback4Ukraine,Kyiv
11/16/22,14:18:53,"tweeted: Ukraine: military situation with maps Nov 28, 2022; Wagner Group tactics on battlefield
#Canada #Germany #America #Ukraine #Bakhmut
https://t.co/WVlixMw9rz",1.60E+18,Payback4Ukraine,Kyiv
12/12/22,9:57:09,links: https://newsexpressngr.com/news/173923-Ukraine-hits-Russias-Wagner-mercenary-groups-HQ-in-weekend-of-fighting,1.60E+18,FRANCE24,"Paris, France"
12/12/22,9:57:09,annotations: Ukraine,1.60E+18,FRANCE24,"Paris, France"
12/12/22,9:57:09,annotations: Russia,1.60E+18,FRANCE24,"Paris, France"
12/12/22,9:57:09,annotations: Wagner,1.60E+18,FRANCE24,"Paris, France"
3/23/07,9:40:48,tweeted: Ukraine hits Russia‚Äôs Wagner mercenary group‚Äôs HQ in weekend of fighting https://t.co/8RrUdOq5cQ,1.60E+18,FRANCE24,"Paris, France"
12/12/22,9:56:51,mentions: TobiAyodele,1.60E+18,GabriellaGaro14, Italy 
12/12/22,9:56:51,annotations: Wagner,1.60E+18,GabriellaGaro14, Italy 
11/25/20,10:45:37,tweeted: @TobiAyodele I would not call members of Wagner group a 'heroes' tho.,1.60E+18,GabriellaGaro14, Italy 
12/12/22,9:55:26,links: https://www.wionews.com/world/ukraine-hits-hotel-housing-wagner-military-group-ukrainian-regional-official-says-542138,1.60E+18,mstfy85,UNKWN
8/8/22,15:49:22,"tweeted: Great job, Ukraine.
You need some big wins to stop the Russia's destruction of your electricity etc. To hit Wagner is a real down for them.

Ukraine hits hotel housing Wagner military group, Ukrainian regional official claims
https://t.co/MSn2uL8etw
-Shared via WION",1.60E+18,mstfy85,UNKWN
12/13/22,2:17:12,links: https://www.thedailybeast.com/survivors-say-wagner-group-mercenaries-filmed-sex-assault-victims-in-mali-stripped-naked,1.60E+18,EevaPirila,UNKWN
12/13/22,2:17:12,mentions: ItsObesh1,1.60E+18,EevaPirila,UNKWN
12/13/22,2:17:12,mentions: colinishop,1.60E+18,EevaPirila,UNKWN
12/13/22,2:17:12,mentions: mfa_russia,1.60E+18,EevaPirila,UNKWN
12/13/22,2:17:12,mentions: russembkenya,1.60E+18,EevaPirila,UNKWN
12/13/22,2:17:12,mentions: ForeignOfficeKE,1.60E+18,EevaPirila,UNKWN
12/13/22,2:17:12,mentions: citizentvkenya,1.60E+18,EevaPirila,UNKWN
12/13/22,2:17:12,mentions: _AfricanUnion,1.60E+18,EevaPirila,UNKWN
12/13/22,2:17:12,mentions: AUC_PAPS,1.60E+18,EevaPirila,UNKWN
12/13/22,2:17:12,mentions: africarenewal,1.60E+18,EevaPirila,UNKWN
12/13/22,2:17:12,mentions: en_roscongress,1.60E+18,EevaPirila,UNKWN
12/13/22,2:17:12,mentions: IAAS_MSU,1.60E+18,EevaPirila,UNKWN
12/13/22,2:17:12,mentions: RussiaUN,1.60E+18,EevaPirila,UNKWN
12/13/22,2:17:12,mentions: rusembtz,1.60E+18,EevaPirila,UNKWN
11/10/11,10:22:31,"tweeted: @ItsObesh1 @colinishop @mfa_russia @russembkenya @ForeignOfficeKE @citizentvkenya @_AfricanUnion @AUC_PAPS @africarenewal @en_roscongress @IAAS_MSU @RussiaUN @rusembtz Interesting that you are stupid.
https://t.co/6CYtj8oYH7",1.60E+18,EevaPirila,UNKWN
12/13/22,2:14:35,links: https://www.rd.nl/artikel/1001765-oekraine-hoofdkwartier-van-wagner-groep-geraakt-doden-gevallen,1.60E+18,ItsObesh1,Africa
12/13/22,2:14:35,mentions: googlenews,1.60E+18,ItsObesh1,Africa
4/30/14,9:04:15,"tweeted: Oekra√Øne: Hoofdkwartier van Wagner-groep geraakt, doden gevallen - Reformatorisch Dagblad https://t.co/CiO52qrTlw via @GoogleNews Ukraine: Headquarters of Wagner group hit, killed",1.60E+18,ItsObesh1,Africa
12/13/22,2:14:00,links: https://www.thedailybeast.com/survivors-say-wagner-group-mercenaries-filmed-sex-assault-victims-in-mali-stripped-naked,1.60E+18,colinishop,UK
12/13/22,2:14:00,mentions: TheMwenyenchi,1.60E+18,colinishop,UK
12/13/22,2:14:00,mentions: mfa_russia,1.60E+18,colinishop,UK
12/13/22,2:14:00,mentions: russembkenya,1.60E+18,colinishop,UK
12/13/22,2:14:00,mentions: ForeignOfficeKE,1.60E+18,colinishop,UK
12/13/22,2:14:00,mentions: citizentvkenya,1.60E+18,colinishop,UK
12/13/22,2:14:00,mentions: _AfricanUnion,1.60E+18,colinishop,UK
12/13/22,2:14:00,mentions: AUC_PAPS,1.60E+18,colinishop,UK
12/13/22,2:14:00,mentions: africarenewal,1.60E+18,colinishop,UK
12/13/22,2:14:00,mentions: en_roscongress,1.60E+18,colinishop,UK
12/13/22,2:14:00,mentions: IAAS_MSU,1.60E+18,colinishop,UK
12/13/22,2:14:00,mentions: RussiaUN,1.60E+18,colinishop,UK
12/13/22,2:14:00,mentions: rusembtz,1.60E+18,colinishop,UK
4/18/12,14:41:56,"tweeted: @TheMwenyenchi @mfa_russia @russembkenya @ForeignOfficeKE @citizentvkenya @_AfricanUnion @AUC_PAPS @africarenewal @en_roscongress @IAAS_MSU @RussiaUN @rusembtz Good luck idiots.
https://t.co/6CYtj8pwwF",1.60E+18,colinishop,UK
12/13/22,2:11:35,mentions: wagatwe,1.60E+18,mfa_russia,Russia
12/13/22,2:11:35,annotations: Wagner,1.60E+18,mfa_russia,Russia
12/13/22,2:11:35,annotations: Ru,1.60E+18,mfa_russia,Russia
2/21/11,12:45:22,tweeted: @wagatwe That feels like it's still missing bases. Pretty sure Wagner group is operating in mali on behalf of Ru.,1.60E+18,mfa_russia,Russia
12/13/22,2:06:24,links: https://youtu.be/QsrqH-4ZIAg,1.60E+18,russembkenya,"–ù–∞–π—Ä–æ–±–∏, –ö–µ–Ω–∏—è"
12/13/22,2:06:24,mentions: YouTube,1.60E+18,russembkenya,"–ù–∞–π—Ä–æ–±–∏, –ö–µ–Ω–∏—è"
12/13/22,2:06:24,annotations: Wagner Group,1.60E+18,russembkenya,"–ù–∞–π—Ä–æ–±–∏, –ö–µ–Ω–∏—è"
12/13/22,2:06:24,annotations: Ukraine,1.60E+18,russembkenya,"–ù–∞–π—Ä–æ–±–∏, –ö–µ–Ω–∏—è"
2/13/13,8:48:03,tweeted: See aftermath of explosion at Wagner Group's purported base in Ukraine https://t.co/ChX7bO2HJV via @YouTube,1.60E+18,russembkenya,"–ù–∞–π—Ä–æ–±–∏, –ö–µ–Ω–∏—è"
12/13/22,2:02:28,links: https://twitter.com/bonitedja/status/1601292970535231488/video/1,1.60E+18,ForeignOfficeKE,Nairobi-Kenya
12/13/22,2:02:28,annotations: Joshua John Douglas Middleton,1.60E+18,ForeignOfficeKE,Nairobi-Kenya
12/13/22,2:02:28,annotations: Antony Wagner,1.60E+18,ForeignOfficeKE,Nairobi-Kenya
5/21/13,21:39:47,"tweeted: Joshua John Douglas Middleton #ÂºÄ‰∫ë‰ΩìËÇ≤ Antony Wagner #‰∏ñÁïåÊùØ‰∏ãÊ≥® https://t.co/lJcsjH8PYD
Why care though reason religious group gas since.",1.60E+18,ForeignOfficeKE,Nairobi-Kenya
12/13/22,2:00:33,links: https://www.express.co.uk/comment/expresscomment/1708603/russia-ukraine-war-latest-news-putin-losing-war-wagner-group-russia-death-toll-zelensky,1.60E+18,citizentvkenya,"Nairobi, Kenya"
12/13/22,2:00:33,annotations: Putin,1.60E+18,citizentvkenya,"Nairobi, Kenya"
8/31/09,13:42:16,tweeted: 'Putin doesn't want peace he wants time to re-arm' https://t.co/UgoGreD5AU,1.60E+18,citizentvkenya,"Nairobi, Kenya"
12/13/22,1:56:40,links: https://www.msn.com/en-xl/news/other/ukraine-claims-to-have-attacked-wagner-group-headquarters-in-lugansk-region/ar-AA15avjm?ocid=msedgdhp&pc=U531&cvid=5dd1aa4f49644f44bf48f5fbffbd5c3c,1.60E+18,_AfricanUnion,"Addis Ababa, Ethiopia"
5/20/10,6:48:25,tweeted: Ukraine claims to have attacked Wagner Group headquarters in Lugansk region https://t.co/IhIkxQmWrJ,1.60E+18,_AfricanUnion,"Addis Ababa, Ethiopia"
12/13/22,1:54:13,mentions: ayecandy4u,1.60E+18,AUC_PAPS,African Union Headquarters
12/13/22,1:54:13,mentions: Blue_Sauron,1.60E+18,AUC_PAPS,African Union Headquarters
12/13/22,1:54:13,annotations: Wagner,1.60E+18,AUC_PAPS,African Union Headquarters
4/29/10,10:42:19,tweeted: @ayecandy4u @Blue_Sauron it was carrying total of 18 senior officials that were part of the upper management of the Wagner group in the area. It said that only 1 survived so yeah. The way the pilot kept flying he def roasted the 16 in the back to a crisp well done before landing for some reason.,1.60E+18,AUC_PAPS,African Union Headquarters
12/13/22,1:51:54,links: https://youtu.be/WFpUw0ug29k,1.60E+18,africarenewal,New York
12/13/22,1:51:54,mentions: YouTube,1.60E+18,africarenewal,New York
12/13/22,1:51:54,annotations: BAKHMUT,1.60E+18,africarenewal,New York
12/13/22,1:51:54,annotations: Wagner Group,1.60E+18,africarenewal,New York
12/13/22,1:51:54,annotations: Ukraine,1.60E+18,africarenewal,New York
6/18/09,20:23:09,tweeted: INTENSE FOOTAGE coming out of BAKHMUT. Wagner Group forcing Ukraine out? https://t.co/X1EP3CJ0nz via @YouTube,1.60E+18,africarenewal,New York
12/13/22,1:50:25,links: https://www.wionews.com/world/ukraine-hits-hotel-housing-wagner-military-group-ukrainian-regional-official-says-542138,1.60E+18,Misheru1,UNKWN
2/24/15,17:03:11,"tweeted: Ukraine hits hotel housing Wagner military group, Ukrainian regional official claims https://t.co/NeSm6cGALH",1.60E+18,Misheru1,UNKWN
12/13/22,1:49:20,mentions: CryptoSavij,1.60E+18,razorgrrl,"Aurora, IL"
12/13/22,1:49:20,mentions: DefenceU,1.60E+18,razorgrrl,"Aurora, IL"
12/13/22,1:49:20,mentions: ZelenskyyUa,1.60E+18,razorgrrl,"Aurora, IL"
12/13/22,1:49:20,annotations: Azov battalion,1.60E+18,razorgrrl,"Aurora, IL"
12/13/22,1:49:20,annotations: Russia,1.60E+18,razorgrrl,"Aurora, IL"
12/13/22,1:49:20,annotations: Ukraine,1.60E+18,razorgrrl,"Aurora, IL"
12/13/22,1:49:20,links: https://foreignpolicy.com/2021/07/06/what-is-wagner-group-russia-mercenaries-military-contractor/,1.60E+18,razorgrrl,"Aurora, IL"
2/25/09,19:44:14,"tweeted: @CryptoSavij @DefenceU @ZelenskyyUa Yeah, nice try finding equivalence of the Azov battalion in Russia. BTW, my tax $$ aren't supporting Russia. They are going to Nazis and corrupt politicians in Ukraine.  https://t.co/ZesK4u8IoR",1.60E+18,razorgrrl,"Aurora, IL"
12/13/22,1:44:36,mentions: AJEnglish,1.60E+18,CryptoSavij,UNKWN
9/2/21,21:58:21,tweeted: @AJEnglish Wagner group like all the orcs are monsters from hell that should go back to hell and leave our planet alone,1.60E+18,CryptoSavij,UNKWN
12/13/22,1:37:28,mentions: ThisIsKyleR,1.60E+18,DefenceU,–£–∫—Ä–∞—ó–Ω–∞
12/13/22,1:37:28,annotations: Wagner,1.60E+18,DefenceU,–£–∫—Ä–∞—ó–Ω–∞
7/9/12,8:39:09,tweeted: @ThisIsKyleR The Wagner group will accept your enlistment.,1.60E+18,DefenceU,–£–∫—Ä–∞—ó–Ω–∞
12/13/22,1:36:55,annotations: Ukraine,1.60E+18,ZelenskyyUa,–£–∫—Ä–∞—ó–Ω–∞
12/13/22,1:36:55,annotations: Wagner,1.60E+18,ZelenskyyUa,–£–∫—Ä–∞—ó–Ω–∞
12/13/22,1:36:55,annotations: Wion News,1.60E+18,ZelenskyyUa,–£–∫—Ä–∞—ó–Ω–∞
12/13/22,1:36:55,annotations: WION,1.60E+18,ZelenskyyUa,–£–∫—Ä–∞—ó–Ω–∞
12/13/22,1:36:55,links: https://www.wionews.com/world/ukraine-hits-hotel-housing-wagner-military-group-ukrainian-regional-official-says-542138,1.60E+18,ZelenskyyUa,–£–∫—Ä–∞—ó–Ω–∞
12/13/22,1:36:55,links: http://onelink.to/jksrch,1.60E+18,ZelenskyyUa,–£–∫—Ä–∞—ó–Ω–∞
4/23/19,10:21:15,"tweeted: #Ukraine hits hotel housing #Wagner military group, Ukrainian regional official claims

https://t.co/PLFOg7bPOl

Download the Wion News App now:
https://t.co/doyGj48QIn

-Shared via WION",1.60E+18,ZelenskyyUa,–£–∫—Ä–∞—ó–Ω–∞
12/13/22,1:35:43,annotations: Ukraine,1.60E+18,mishwish,UNKWN
12/13/22,1:35:43,annotations: Wagner,1.60E+18,mishwish,UNKWN
12/13/22,1:35:43,annotations: StandWithUkraine,1.60E+18,mishwish,UNKWN
12/13/22,1:35:43,links: https://www.youtube.com/watch?v=8as3denU1CA,1.60E+18,mishwish,UNKWN
2/12/08,2:28:30,"tweeted: Ukraine claims strike on Wagner group HQ, says 'huge number' of Russian mercenaries killed - FRANCE 24 English
#StandWithUkraine üá∫üá¶
 https://t.co/RStZZbxgyn",1.60E+18,mishwish,UNKWN
12/13/22,1:35:09,links: https://www.19fortyfive.com/2022/12/putin-wont-like-this-ukraine-is-trying-to-kill-the-wagner-group/,1.60E+18,AJEnglish,"Doha, Qatar"
4/17/07,8:23:08,tweeted: Putin Won‚Äôt Like This: Ukraine Is Trying to Kill the Wagner Group - https://t.co/8NaE4cB5fm,1.60E+18,AJEnglish,"Doha, Qatar"
12/13/22,1:30:04,mentions: New_Arrival_22,1.60E+18,GregnZ00,"Auckland Central, Auckland"
12/13/22,1:30:04,mentions: spursonfifa,1.60E+18,GregnZ00,"Auckland Central, Auckland"
12/13/22,1:30:04,mentions: LozzaFox,1.60E+18,GregnZ00,"Auckland Central, Auckland"
12/13/22,1:30:04,annotations: Dmitry Utkin,1.60E+18,GregnZ00,"Auckland Central, Auckland"
12/13/22,1:30:04,annotations: Russian Army,1.60E+18,GregnZ00,"Auckland Central, Auckland"
12/13/22,1:30:04,annotations: GRU,1.60E+18,GregnZ00,"Auckland Central, Auckland"
12/13/22,1:30:04,annotations: Putin,1.60E+18,GregnZ00,"Auckland Central, Auckland"
12/13/22,1:30:04,annotations: Wagner Group,1.60E+18,GregnZ00,"Auckland Central, Auckland"
12/13/22,1:30:04,links: https://twitter.com/OpDracula/status/1602475910250258433/photo/1,1.60E+18,GregnZ00,"Auckland Central, Auckland"
2/24/18,2:20:21,"tweeted: @New_Arrival_22 @spursonfifa @LozzaFox So are you saying that this picture of Dmitry Utkin, a high-ranking Russian Army &amp; GRU officer, friend of Putin and one of the founders of the Wagner Group, is fake?

Those are SS runes and an eagle &amp; swastika emblem, by the way. https://t.co/s3PGYFkagJ",1.60E+18,GregnZ00,"Auckland Central, Auckland"
12/13/22,1:24:32,mentions: PrateekRoutray,1.60E+18,ThisIsKyleR,USA
12/13/22,1:24:32,annotations: Wagner Group,1.60E+18,ThisIsKyleR,USA
12/6/21,19:00:41,"tweeted: @PrateekRoutray Let's call the Wagner Group what they are, namely convicted murderers, rapists, and the odd cannibal, i.e. the scum of the earth.",1.60E+18,ThisIsKyleR,USA
12/13/22,1:20:16,mentions: kamrtate,1.60E+18,gladeolie,cyberspace
12/13/22,1:20:16,mentions: Patrida1941,1.60E+18,gladeolie,cyberspace
12/13/22,1:20:16,mentions: TheRealLeviD,1.60E+18,gladeolie,cyberspace
12/13/22,1:20:16,mentions: KeithOlbermann,1.60E+18,gladeolie,cyberspace
12/13/22,1:20:16,mentions: elonmusk,1.60E+18,gladeolie,cyberspace
12/13/22,1:20:16,mentions: micsolana,1.60E+18,gladeolie,cyberspace
7/7/09,11:18:59,tweeted: @kamrtate @Patrida1941 @TheRealLeviD @KeithOlbermann @elonmusk @micsolana Are you this pathetic? Still pushing 5 year old paid commentaries towing the line that Russia is fighting Nazis in a country with a popular Jewish president? And they‚Äôre doing it with Wagner Group mercenaries (named after Hitler‚Äôs favorite composer)? ü§•,1.60E+18,gladeolie,cyberspace
12/13/22,1:15:35,links: https://www.cnn.com/videos/world/2022/12/11/wagner-group-explosion-luhansk-melitopol-ukraine-russia-hodges-acostanr-vpx.cnn,1.60E+18,deesbarbara,Crestview Florida...gulf coast
9/25/09,15:56:58,tweeted: https://t.co/HdK21jepD0,1.60E+18,deesbarbara,Crestview Florida...gulf coast
12/13/22,1:15:27,annotations: Ukraine,1.60E+18,gettrwenwu222,ÂñúÈ©¨ÊãâÈõÖÂ§ß‰ΩøÈ¶ÜËÅîÁõüÁæ§
12/13/22,1:15:27,annotations: Russia,1.60E+18,gettrwenwu222,ÂñúÈ©¨ÊãâÈõÖÂ§ß‰ΩøÈ¶ÜËÅîÁõüÁæ§
12/13/22,1:15:27,annotations: Wagner,1.60E+18,gettrwenwu222,ÂñúÈ©¨ÊãâÈõÖÂ§ß‰ΩøÈ¶ÜËÅîÁõüÁæ§
12/13/22,1:15:27,links: https://www.wionews.com/world/ukraine-hits-hotel-housing-wagner-military-group-ukrainian-regional-official-says-542138?mibextid=Zxz2cZ#lblj25an7lzb47nnqr2,1.60E+18,gettrwenwu222,ÂñúÈ©¨ÊãâÈõÖÂ§ß‰ΩøÈ¶ÜËÅîÁõüÁæ§
3/8/22,23:56:11,"tweeted: A senior official in eastern Ukraine said in a television interview that Ukrainian forces struck a headquarters of Russia's Wagner mercenary group, leaving several of them dead. According to Western experts, Wagner are
https://t.co/84NnbAA6iY",1.60E+18,gettrwenwu222,ÂñúÈ©¨ÊãâÈõÖÂ§ß‰ΩøÈ¶ÜËÅîÁõüÁæ§
12/13/22,1:14:17,links: https://www.youtube.com/watch?v=t1O6uG9Krzc,1.60E+18,Ken00399154,Canada 
12/13/22,1:14:17,links: https://twitter.com/Ken00399154/status/1602471937321861120/photo/1,1.60E+18,Ken00399154,Canada 
12/13/22,1:14:17,mentions: Nastya57132014,1.60E+18,Ken00399154,Canada 
6/16/12,21:30:32,"tweeted: @Nastya57132014 The Wagner Group last nightwas given demonstration what HIMARS  when its ""O Clock"" time could really do when 300 Wagnerites  where KIA

https://t.co/TAFt2OGlmr https://t.co/ZKtGKzcx6O",1.60E+18,Ken00399154,Canada 
12/13/22,1:12:41,annotations: Putin,1.60E+18,Nastya57132014,UNKWN
12/13/22,1:12:41,annotations: Ukraine,1.60E+18,Nastya57132014,UNKWN
12/13/22,1:12:41,annotations: Wagner Group,1.60E+18,Nastya57132014,UNKWN
12/13/22,1:12:41,links: https://www.19fortyfive.com/2022/12/putin-wont-like-this-ukraine-is-trying-to-kill-the-wagner-group/,1.60E+18,Nastya57132014,UNKWN
5/21/18,1:20:58,tweeted: Putin Won‚Äôt Like This: Ukraine Is Trying to Kill the Wagner Group - https://t.co/bq4ASN1gQH,1.60E+18,Nastya57132014,UNKWN
12/13/22,1:10:12,links: https://www.express.co.uk/comment/expresscomment/1708603/russia-ukraine-war-latest-news-putin-losing-war-wagner-group-russia-death-toll-zelensky,1.60E+18,Neoavatara,United States
2/12/09,23:04:34,tweeted: 'Putin doesn't want peace he wants time to re-arm' https://t.co/UgoGreDDqs,1.60E+18,Neoavatara,United States
12/13/22,1:08:57,annotations: Ukraine,1.60E+18,TabithaStevens8,UNKWN
12/13/22,1:08:57,annotations: Russia,1.60E+18,TabithaStevens8,UNKWN
12/13/22,1:08:57,annotations: Wagner,1.60E+18,TabithaStevens8,UNKWN
12/13/22,1:08:57,links: https://www.globnewswire.com/2022/12/13/ukraine-says-it-hit-hotel-where-members-of-russias-wagner-group-gathered/,1.60E+18,TabithaStevens8,UNKWN
5/4/09,4:23:52,tweeted: Ukraine Says It Hit Hotel Where Members of Russia‚Äôs Wagner Group¬†Gathered https://t.co/r5fCAK0KHu,1.60E+18,TabithaStevens8,UNKWN
12/13/22,1:05:54,annotations: Wagner,1.60E+18,globnewswire,UNKWN
12/13/22,1:05:54,annotations: Azov,1.60E+18,globnewswire,UNKWN
12/13/22,1:05:54,links: https://twitter.com/gfhcartel/status/1602469828539084801/photo/1,1.60E+18,globnewswire,UNKWN
12/13/22,1:05:54,mentions: VonSpooky,1.60E+18,globnewswire,UNKWN
8/23/22,2:25:12,"tweeted: @VonSpooky I like how your not talking about the Wagner group. Although some members of the Azov had neo-nazi ideals that‚Äôs far from the majority today, unlike the Wagner group who have continued to indoctrinate members with Nazi propaganda. https://t.co/2cSWgTeHjz",1.60E+18,globnewswire,UNKWN
12/13/22,1:05:29,annotations: Topic,1.60E+18,gfhcartel,People's Republic of China
12/13/22,1:05:29,links: http://www.yourname.com,1.60E+18,gfhcartel,People's Republic of China
12/13/22,1:05:29,links: https://usaherald.com/wagner-group-operations-center-hit-by-ukraine-forces,1.60E+18,gfhcartel,People's Republic of China
8/13/21,2:42:51,"tweeted: Hey, check out this cool site https://t.co/E40rEGO1MH #Topic via@my_twitter_name https://t.co/zyyomLHbs6",1.60E+18,gfhcartel,People's Republic of China
12/13/22,1:05:12,annotations: Wagner Group,1.60E+18,VonSpooky,UNKWN
12/13/22,1:05:12,annotations: Kadiivka,1.60E+18,VonSpooky,UNKWN
12/13/22,1:05:12,annotations: Luhansk province,1.60E+18,VonSpooky,UNKWN
12/13/22,1:05:12,links: https://www.google.ca/amp/s/eurasiantimes.com/himars-mlrs-strikes-russias-luxurious-military-facility-in-luhansk/,1.60E+18,VonSpooky,UNKWN
11/22/22,2:26:53,"tweeted: Last night, Ukrainian artillery destroyed a luxury hotel used as headquarters by #Wagner Group mercenaries. They've been using the hotel, located in Kadiivka in Luhansk province, for months. Over 200 mercs were killed, with some estimates reporting 300 KIA
https://t.co/IPfDsxTpjT",1.60E+18,VonSpooky,UNKWN
12/13/22,1:03:31,annotations: Ukraine,1.60E+18,Coloconnected5,UNKWN
12/13/22,1:03:31,annotations: Russia,1.60E+18,Coloconnected5,UNKWN
12/13/22,1:03:31,annotations: Wagner,1.60E+18,Coloconnected5,UNKWN
12/13/22,1:03:31,links: https://4.nulledmix.com/2022/12/13/ukraine-says-it-hit-hotel-where-members-of-russias-wagner-group-gathered/,1.60E+18,Coloconnected5,UNKWN
3/13/21,22:21:30,tweeted: Ukraine Says It Hit Hotel Where Members of Russia‚Äôs Wagner Group¬†Gathered https://t.co/WD3NfTnjyz,1.60E+18,Coloconnected5,UNKWN
12/13/22,1:01:43,links: https://twitter.com/sambendett/status/1601984769260417024,1.60E+18,belle__currie,Wurundjeri land
8/24/15,4:10:12,"tweeted: Despite the significant losses the Wagner Group has had in Ukraine, it appears Prigozhin is continuing to grow his toolbox of authoritarianism. The irony of a hackathon, an event for rapid and collaborative engineering, is not lost here. https://t.co/Sz9WZb5czR",1.60E+18,belle__currie,Wurundjeri land
12/13/22,1:01:40,links: https://news.nulledmix.com/ukraine-says-it-hit-hotel-where-members-of-russias-wagner-group-gathered/,1.60E+18,adamdaniel449,UNKWN
12/13/22,1:01:40,annotations: Ukraine,1.60E+18,adamdaniel449,UNKWN
12/13/22,1:01:40,annotations: Russia,1.60E+18,adamdaniel449,UNKWN
12/13/22,1:01:40,annotations: Wagner,1.60E+18,adamdaniel449,UNKWN
4/18/13,9:54:15,tweeted: Ukraine Says It Hit Hotel Where Members of Russia‚Äôs Wagner Group¬†Gathered https://t.co/SOQ4bv2hnA,1.60E+18,adamdaniel449,UNKWN
12/13/22,0:48:45,annotations: Russia,1.60E+18,EgiziiJeff,"Illinois, USA"
12/13/22,0:48:45,annotations: Wagner Group,1.60E+18,EgiziiJeff,"Illinois, USA"
12/13/22,0:48:45,annotations: Moscow,1.60E+18,EgiziiJeff,"Illinois, USA"
12/13/22,0:48:45,annotations: Iran,1.60E+18,EgiziiJeff,"Illinois, USA"
12/13/22,0:48:45,annotations: N,1.60E+18,EgiziiJeff,"Illinois, USA"
12/13/22,0:48:45,annotations: Korea,1.60E+18,EgiziiJeff,"Illinois, USA"
12/13/22,0:48:45,mentions: RadioFreeTom,1.60E+18,EgiziiJeff,"Illinois, USA"
8/8/19,10:56:08,tweeted: @RadioFreeTom Wasn‚Äôt he getting his weapons from Russia? He‚Äôs been replaced long ago. Probably the Wagner Group is the gunrunners for Moscow but now they are going hat in hand to Iran and N Korea for weapons.,1.60E+18,EgiziiJeff,"Illinois, USA"
12/13/22,0:48:07,links: https://twitter.com/Ken00399154/status/1602465356060430336/photo/1,1.60E+18,RadioFreeTom,"Newport, RI"
12/13/22,0:48:07,mentions: maria_drutska,1.60E+18,RadioFreeTom,"Newport, RI"
1/10/12,4:23:15,"tweeted: @maria_drutska The wagner group last night found out when it was going its ""O Clock"" time for HIMARS 300 Wagnerites KIA https://t.co/5szFdYM0cW",1.60E+18,RadioFreeTom,"Newport, RI"
12/13/22,0:47:16,annotations: Wagner,1.60E+18,Ken00399154,Canada 
6/16/12,21:30:32,tweeted: Wagner group IS Russian military group.  They are not some private company,1.60E+18,Ken00399154,Canada 
12/13/22,0:46:57,links: https://twitter.com/OlgaNYC1211/status/1602463348624433152,1.60E+18,maria_drutska,"Ukraine, Kyiv"
12/13/22,0:46:57,annotations: UkraineUnderSiege,1.60E+18,maria_drutska,"Ukraine, Kyiv"
12/13/22,0:46:57,annotations: Wagner,1.60E+18,maria_drutska,"Ukraine, Kyiv"
3/1/22,15:21:04,"tweeted: #UkraineUnderSiege

Wagner should be declared a terrorist group. https://t.co/rCNelBVHhN",1.60E+18,maria_drutska,"Ukraine, Kyiv"
12/13/22,0:46:10,links: https://twitter.com/OlgaNYC1211/status/1602463348624433152,1.60E+18,favored_D,Worldwide
1/3/14,2:06:12,tweeted: Why hasn't the Wagner Group been designated as a terrorist organization yet? There are many crimes against humanity by them already registered. https://t.co/rtcyP6MyfU,1.60E+18,favored_D,Worldwide
12/13/22,0:45:03,links: https://www.19fortyfive.com/2022/12/putin-wont-like-this-ukraine-is-trying-to-kill-the-wagner-group/,1.60E+18,MinnesotaMaryS,"Minnesota, USA  üò∑üò∑"
12/13/22,0:45:03,annotations: Putin,1.60E+18,MinnesotaMaryS,"Minnesota, USA  üò∑üò∑"
12/13/22,0:45:03,annotations: Ukraine,1.60E+18,MinnesotaMaryS,"Minnesota, USA  üò∑üò∑"
12/13/22,0:45:03,annotations: Wagner Group,1.60E+18,MinnesotaMaryS,"Minnesota, USA  üò∑üò∑"
11/2/12,2:49:14,tweeted: Putin Won‚Äôt Like This: Ukraine Is Trying to Kill the Wagner Group https://t.co/cxztbcCvEV,1.60E+18,MinnesotaMaryS,"Minnesota, USA  üò∑üò∑"
12/13/22,0:41:34,links: https://twitter.com/SamHarp65562239/status/1602463707610681344/photo/1,1.60E+18,paulfuhlir,"Callicoon, NY"
12/13/22,0:41:34,annotations: Wagner,1.60E+18,paulfuhlir,"Callicoon, NY"
12/13/22,0:41:34,mentions: OlgaNYC1211,1.60E+18,paulfuhlir,"Callicoon, NY"
12/26/12,18:50:23,"tweeted: @OlgaNYC1211 Wagner group kills people with a sledgehammer. Sometimes, they even sell merch T-shirts. https://t.co/fidEmMzOvo",1.60E+18,paulfuhlir,"Callicoon, NY"
12/13/22,0:38:16,annotations: Nazis,1.60E+18,jlewis237,UNKWN
12/13/22,0:38:16,annotations: Russia,1.60E+18,jlewis237,UNKWN
12/13/22,0:38:16,annotations: Azov,1.60E+18,jlewis237,UNKWN
12/13/22,0:38:16,annotations: Rus,1.60E+18,jlewis237,UNKWN
12/13/22,0:38:16,annotations: Russia Imperial Movement,1.60E+18,jlewis237,UNKWN
12/13/22,0:38:16,annotations: Wagner Group,1.60E+18,jlewis237,UNKWN
12/13/22,0:38:16,annotations: Rusich Group,1.60E+18,jlewis237,UNKWN
12/13/22,0:38:16,mentions: Tohto1965,1.60E+18,jlewis237,UNKWN
12/13/22,0:38:16,mentions: KlausRmer5,1.60E+18,jlewis237,UNKWN
12/13/22,0:38:16,mentions: Michibeck5,1.60E+18,jlewis237,UNKWN
12/13/22,0:38:16,mentions: MikiKikirikikik,1.60E+18,jlewis237,UNKWN
12/13/22,0:38:16,mentions: RuiViei63652135,1.60E+18,jlewis237,UNKWN
12/13/22,0:38:16,mentions: Podolyak_M,1.60E+18,jlewis237,UNKWN
3/15/14,1:37:28,"tweeted: @Tohto1965 @KlausRmer5 @Michibeck5 @MikiKikirikikik @RuiViei63652135 @Podolyak_M So what?There are neo-Nazis is all over the world although exponentially more in Russia than elsewhere. Is one battalion Azov that intimidates Russia to the point of starting a war?Rus has plenty of them like Russia Imperial Movement,Wagner Group,Rusich Group, sort them out first",1.60E+18,jlewis237,UNKWN
12/13/22,0:35:58,annotations: Ukraine,1.60E+18,Newsis4Everyone,"NY, USA"
12/13/22,0:35:58,annotations: Russia,1.60E+18,Newsis4Everyone,"NY, USA"
12/13/22,0:35:58,annotations: Wagner,1.60E+18,Newsis4Everyone,"NY, USA"
12/13/22,0:35:58,links: https://newsisforeveryone.com/2022/12/13/ukraine-says-it-hit-hotel-where-members-of-russias-wagner-group-gathered/,1.60E+18,Newsis4Everyone,"NY, USA"
4/23/22,19:51:59,tweeted: Ukraine Says It Hit Hotel Where Members of Russia‚Äôs Wagner Group¬†Gathered https://t.co/D7bLm2bz9O,1.60E+18,Newsis4Everyone,"NY, USA"
12/13/22,0:32:41,mentions: YahooNewsUK,1.60E+18,DavidAFoot,UNKWN
12/13/22,0:32:41,links: https://uk.news.yahoo.com/huge-number-killed-strike-russian-114637132.html?soc_src=social-sh&soc_trk=tw&tsrc=twtr,1.60E+18,DavidAFoot,UNKWN
10/9/12,14:47:29,"tweeted: Ukraine Invasion: Significant victorious attacks on the Eastern Front Kadiivka against Wagner group and Southern Front at Melitopol in Southern Front.
‚ÄòHuge number‚Äô killed in strike on Russian mercenary group‚Äôs HQ https://t.co/HUPVDZPCsD via @yahooNewsUK",1.60E+18,DavidAFoot,UNKWN
12/13/22,0:32:32,mentions: YouTube,1.60E+18,YahooNewsUK,London
12/13/22,0:32:32,annotations: Clarissa Ward,1.60E+18,YahooNewsUK,London
12/13/22,0:32:32,annotations: Wagner Group,1.60E+18,YahooNewsUK,London
12/13/22,0:32:32,annotations: US,1.60E+18,YahooNewsUK,London
12/13/22,0:32:32,links: https://youtu.be/ps1pyLGZG_Y,1.60E+18,YahooNewsUK,London
2/13/09,15:44:54,tweeted: Clarissa Ward breaks down Wagner Group head‚Äôs warning to US https://t.co/2OZjmnOfXV via @YouTube,1.60E+18,YahooNewsUK,London
12/13/22,0:29:20,links: https://twitter.com/InRodWeTrustMTL/status/1602460628358402048/photo/1,1.60E+18,BSBonner,"Kyiv, Ukraine"
12/13/22,0:29:20,links: https://twitter.com/UAWeapons/status/1602279682841448451,1.60E+18,BSBonner,"Kyiv, Ukraine"
6/21/09,8:11:00,"tweeted: As mentioned, Sunday saw major combat around Bakhmut in eastern Ukraine. #Russia and their #Wagner Group mercenaries/criminals are losing hundreds of men daily in addition to Russian military losses. #Ukraine destroyed 2 updated Russian T72B3s, represents a loss of 5M $ for Putin https://t.co/xJJU3uCK0w https://t.co/jNXTmbKIQu",1.60E+18,BSBonner,"Kyiv, Ukraine"
12/13/22,0:27:30,mentions: MarkHertling,1.60E+18,YouTube,"San Bruno, CA"
12/13/22,0:27:30,mentions: ErinBurnett,1.60E+18,YouTube,"San Bruno, CA"
12/13/22,0:27:30,mentions: OutFrontCNN,1.60E+18,YouTube,"San Bruno, CA"
12/13/22,0:27:30,annotations: Wagner Group,1.60E+18,YouTube,"San Bruno, CA"
12/13/22,0:27:30,annotations: US,1.60E+18,YouTube,"San Bruno, CA"
12/13/22,0:27:30,annotations: Syria,1.60E+18,YouTube,"San Bruno, CA"
12/13/22,0:27:30,links: https://www.coffeeordie.com/wagner-group-syria-khasham,1.60E+18,YouTube,"San Bruno, CA"
11/13/07,21:43:46,"tweeted: @MarkHertling @ErinBurnett @OutFrontCNN Wagner Group attacked US troops in Syria, 2018 ü§Ø

I didn't know, thanks for sharing General! 

Did some searching...This must be it:
https://t.co/JBvd5nySio",1.60E+18,YouTube,"San Bruno, CA"
12/13/22,0:26:11,links: https://www.nytimes.com/2022/12/12/world/europe/wagner-group-ukraine-strike.html,1.60E+18,InRodWeTrustMTL,Montreal
1/3/12,20:38:06,tweeted: https://t.co/gcu1lPk05i,1.60E+18,InRodWeTrustMTL,Montreal
12/13/22,0:24:34,mentions: MotternNate,1.60E+18,Japan_isNumber1,WWIII
12/13/22,0:24:34,mentions: ThisIsKyleR,1.60E+18,Japan_isNumber1,WWIII
12/13/22,0:24:34,mentions: elonmusk,1.60E+18,Japan_isNumber1,WWIII
12/13/22,0:24:34,annotations: Wagner Group,1.60E+18,Japan_isNumber1,WWIII
8/22/16,17:05:33,tweeted: @MotternNate @ThisIsKyleR @elonmusk Hate criminal for hire?  Wagner Group needs you!,1.60E+18,Japan_isNumber1,WWIII
12/13/22,0:22:45,annotations: Wagner,1.60E+18,MarkHertling,Florida
12/13/22,0:22:45,annotations: Blackwater,1.60E+18,MarkHertling,Florida
12/14/15,19:04:25,tweeted: Wagner group is like Blackwater company. You know what they do.,1.60E+18,MarkHertling,Florida
12/13/22,0:22:25,annotations: JImmyMac,1.60E+18,ErinBurnett,UNKWN
12/13/22,0:22:25,annotations: Africa,1.60E+18,ErinBurnett,UNKWN
12/13/22,0:22:25,annotations: Tripoli,1.60E+18,ErinBurnett,UNKWN
12/13/22,0:22:25,annotations: UK,1.60E+18,ErinBurnett,UNKWN
12/13/22,0:22:25,annotations: Hail,1.60E+18,ErinBurnett,UNKWN
12/13/22,0:22:25,links: https://funker530.com/video/wagner-group-aircraft-turns-into-fireball-after-hard-landing/?ref=app,1.60E+18,ErinBurnett,UNKWN
6/23/11,13:03:15,"tweeted: https://t.co/Sw8kHGVIJL JImmyMac you‚Äôll be angry ur killers of non combatants receive good news here. They slaughter kids across Africa. U try shame me by a threat for defending real people that stopped them at gates of  #Tripoli. Real People helped me, UK couldn‚Äôtüá±üáæ‚ù§Ô∏è‚úåÔ∏è#Hail",1.60E+18,ErinBurnett,UNKWN
12/13/22,0:22:13,mentions: rybar_en,1.60E+18,OutFrontCNN,"New York, NY "
12/13/22,0:22:13,annotations: Wagner,1.60E+18,OutFrontCNN,"New York, NY "
8/24/11,16:55:20,tweeted: @rybar_en They are not mercenaries but volunteers! Mercenaries fight on Wagner group!,1.60E+18,OutFrontCNN,"New York, NY "
12/12/22,11:44:36,annotations: Ukraine,1.60E+18,Africa_News_Off,Africa
12/12/22,11:44:36,annotations: Lemekhani Nyirenda,1.60E+18,Africa_News_Off,Africa
12/12/22,11:44:36,annotations: Russia,1.60E+18,Africa_News_Off,Africa
12/12/22,11:44:36,annotations: Wagner,1.60E+18,Africa_News_Off,Africa
12/12/22,11:44:36,links: https://www.bbc.co.uk/news/world-africa-63935260?at_medium=RSS&at_campaign=KARANGA,1.60E+18,Africa_News_Off,Africa
9/23/19,2:14:13,"tweeted: (En) Ukraine war: Lemekhani Nyirenda was recruited by Russia's mercenary group Wagner
#123INFO
https://t.co/LGlB61VDwI",1.60E+18,Africa_News_Off,Africa
12/12/22,11:09:16,annotations: Wagner,1.60E+18,Hellstorm901,Earth
12/12/22,11:09:16,annotations: Nazi,1.60E+18,Hellstorm901,Earth
12/12/22,11:09:16,mentions: DMB12445,1.60E+18,Hellstorm901,Earth
10/16/14,9:39:02,tweeted: @DMB12445 The building was being used by Wagner who are a Neo - Nazi mercenary group,1.60E+18,Hellstorm901,Earth
12/12/22,11:07:03,links: http://dlvr.it/SfDM8t,1.60E+18,DMB12445,UNKWN
6/27/19,8:54:06,"tweeted: ÿ®ŸÜ ŸáŸàÿØÿ¨ÿ≤ ŸäŸàÿ∂ÿ≠ ŸÑŸÄCNN ŸÖÿß ŸäÿπŸÜŸäŸá ÿ™ŸÅÿ¨Ÿäÿ± ŸÖŸÇÿ± ŸÖÿ¨ŸÖŸàÿπÿ© ""ŸÅÿßÿ∫ŸÜÿ±"" ÿßŸÑÿ±Ÿàÿ≥Ÿäÿ© ŸÅŸä ÿ£ŸàŸÉÿ±ÿßŸÜŸäÿß https://t.co/sUoyHx0anO",1.60E+18,DMB12445,UNKWN
12/12/22,11:06:51,links: https://newsfet.com/ukraine-%ce%b2%ce%bf%ce%bc%ce%b2%ce%b1%cf%81%ce%b4%ce%b9%cf%83%cf%84%ce%ad%cf%82-hotels-with-members-of-the-wagner-group/,1.60E+18,al5brq8,"Al Adailiya, Kuwait"
1/19/15,14:30:00,tweeted: Ukraine: Œ≤ŒøŒºŒ≤Œ±œÅŒ¥ŒπœÉœÑŒ≠œÇ hotels with members of the Wagner¬†Group https://t.co/JYMYcYtXoy,1.60E+18,al5brq8,"Al Adailiya, Kuwait"
12/12/22,11:05:19,annotations: Ukraine,1.60E+18,newsfet777,United States
12/12/22,11:05:19,annotations: Wagner,1.60E+18,newsfet777,United States
2/11/22,12:05:24,"tweeted: Ukraine says it killed Wagner mercenaries, who are they? Controversial armed group emerged from being a murky guns-for-hire enterprise to a public extension of the Russian army.",1.60E+18,newsfet777,United States
12/12/22,10:55:34,annotations: Wagner Group,1.60E+18,deji_of_lagos,"Lagos, Nigeria"
12/12/22,10:55:34,links: https://workme.online/2022/12/12/ukraine-says-it-killed-wagner-mercenaries-who-are-they-explainer-news/,1.60E+18,deji_of_lagos,"Lagos, Nigeria"
5/21/11,0:11:46,"tweeted: Controversial armed group emerged from being a murky guns-for-hire enterprise to a public extension of the Russian military.The controversial private military company Wagner Group is in the news againas Ukrainian authorities say a number of its # # # #

https://t.co/kIlNy5JEXq",1.60E+18,deji_of_lagos,"Lagos, Nigeria"
12/12/22,10:51:41,annotations: Wagner Group,1.60E+18,SufiWorker,UNKWN
12/12/22,10:51:41,mentions: SamRamani2,1.60E+18,SufiWorker,UNKWN
10/9/22,10:12:39,tweeted: @SamRamani2 Merry HIMARS to Wagner Group!,1.60E+18,SufiWorker,UNKWN
12/12/22,10:51:25,annotations: Wagner Group,1.60E+18,tommy_nn,"Tokyo, JAPAN"
12/12/22,10:51:25,annotations: Ukraine,1.60E+18,tommy_nn,"Tokyo, JAPAN"
12/12/22,10:51:25,mentions: YouTube,1.60E+18,tommy_nn,"Tokyo, JAPAN"
12/12/22,10:51:25,links: https://youtu.be/QsrqH-4ZIAg,1.60E+18,tommy_nn,"Tokyo, JAPAN"
1/15/10,21:51:50,tweeted: See aftermath of explosion at Wagner Group's purported base in Ukraine https://t.co/CbVLo53KZQ via @YouTube,1.60E+18,tommy_nn,"Tokyo, JAPAN"
12/12/22,10:46:34,annotations: Wagner,1.60E+18,SamRamani2,"Oxford, England"
12/12/22,10:46:34,annotations: Ukraine,1.60E+18,SamRamani2,"Oxford, England"
12/12/22,10:46:34,annotations: MSM,1.60E+18,SamRamani2,"Oxford, England"
12/12/22,10:46:34,links: https://youtu.be/TBVcTgM-l24,1.60E+18,SamRamani2,"Oxford, England"
10/12/13,23:22:53,"tweeted: https://t.co/bdmnm7BpwI

Wagner group or Ukraine shoulders hit I don‚Äôt know‚Ä¶. All I know is that the MSM is full of shit and let alone taking it with a grain of salt I wouldn‚Äôt buy their garbage at all‚Ä¶ see ya when the war ends‚Ä¶ that will say which side stands where",1.60E+18,SamRamani2,"Oxford, England"
12/12/22,10:45:40,annotations: Russia,1.60E+18,Stephen07329389,UNKWN
12/12/22,10:45:40,annotations: Wagner Group,1.60E+18,Stephen07329389,UNKWN
12/12/22,10:45:40,annotations: Ukraine,1.60E+18,Stephen07329389,UNKWN
12/12/22,10:45:40,annotations: Luhansk,1.60E+18,Stephen07329389,UNKWN
12/12/22,10:45:40,annotations: WagnerGroup,1.60E+18,Stephen07329389,UNKWN
12/12/22,10:45:40,annotations: RussiaIsLosing,1.60E+18,Stephen07329389,UNKWN
12/12/22,10:45:40,annotations: UkraineWar,1.60E+18,Stephen07329389,UNKWN
12/12/22,10:45:40,links: https://twitter.com/khabarwala8/status/1602253345217036288/photo/1,1.60E+18,Stephen07329389,UNKWN
9/20/22,9:56:21,"tweeted: Members of Russia‚Äôs mercenary Wagner Group have reportedly been killed following an attack by Ukraine‚Äôs armed forces on a hotel where many were based in a town in the Russian-occupied Luhansk region.
#WagnerGroup #RussiaIsLosing #UkraineWar #UkraineRussiaWarÔ∏è #mercenaries https://t.co/vMnzJj9swI",1.60E+18,Stephen07329389,UNKWN
12/12/22,10:45:11,annotations: Jason Blazakis,1.60E+18,YouTube,"San Bruno, CA"
12/12/22,10:45:11,annotations: Russia,1.60E+18,YouTube,"San Bruno, CA"
12/12/22,10:45:11,annotations: Wagner Group,1.60E+18,YouTube,"San Bruno, CA"
12/12/22,10:45:11,annotations: Africa,1.60E+18,YouTube,"San Bruno, CA"
12/12/22,10:45:11,mentions: Jason_Blazakis,1.60E+18,YouTube,"San Bruno, CA"
12/12/22,10:45:11,links: http://ow.ly/3bkC50M0xyM,1.60E+18,YouTube,"San Bruno, CA"
12/12/22,10:45:11,links: https://twitter.com/ADFmagazine/status/1602253222307061760/photo/1,1.60E+18,YouTube,"San Bruno, CA"
11/13/07,21:43:46,tweeted: Jason Blazakis @Jason_Blazakis opines: #Russia's Wagner Group is more than mercenaries -- its violence across Africa prove it's a terrorist organization - https://t.co/sRcTzQHxpl https://t.co/MyZLbLXeq2,1.60E+18,YouTube,"San Bruno, CA"
12/12/22,10:44:36,annotations: Russia,1.60E+18,Chief_Exec_com,United Kingdom
12/12/22,10:44:36,annotations: Wagner,1.60E+18,Chief_Exec_com,United Kingdom
12/12/22,10:44:36,annotations: Luhansk,1.60E+18,Chief_Exec_com,United Kingdom
12/12/22,10:44:36,annotations: Ukraine,1.60E+18,Chief_Exec_com,United Kingdom
12/12/22,10:44:36,annotations: Serhiy Haidai,1.60E+18,Chief_Exec_com,United Kingdom
12/12/22,10:44:36,annotations: Kadiivka,1.60E+18,Chief_Exec_com,United Kingdom
12/12/22,10:44:36,links: https://www.bbc.com/news/world-europe-63933132,1.60E+18,Chief_Exec_com,United Kingdom
9/10/16,17:43:06,"tweeted: Ukrainian forces have struck a headquarters of Russia‚Äôs Wagner mercenary group, says the governor-in-exile of Luhansk in eastern Ukraine. Serhiy Haidai said a hotel where the group met in Kadiivka, Luhansk, had been hit with major losses. https://t.co/l80CHUsqEC",1.60E+18,Chief_Exec_com,United Kingdom